GREasting,GRNorthing,NumberofVehicles,Time,1st_Road,Road_Surface,LightingConditions,WeatherConditions,TypeofVehicle,CasualtyClass,Sex,Age,Severity
346,180,1,815,15,0,5,3,0,1,0,61,1
974,553,2,1330,5,0,5,1,11,0,1,36,2
631,233,2,805,19,3,5,1,0,0,1,32,2
631,233,2,805,19,3,5,1,0,0,1,30,2
782,811,2,1705,51,3,2,5,0,2,0,26,2
1402,1239,2,1200,51,0,5,1,0,0,0,34,2
1564,1236,3,1230,48,0,5,1,0,0,1,39,2
1564,1236,3,1230,48,0,5,1,0,0,0,69,2
1531,876,2,1807,48,0,0,1,0,0,1,18,2
1531,876,2,1807,48,0,0,1,0,2,0,17,1
1531,876,2,1807,48,0,0,1,0,2,0,19,2
910,1275,2,1800,51,0,2,1,4,0,1,36,2
1069,1324,1,2120,51,3,2,1,0,1,1,50,1
40,1537,2,1115,51,0,5,1,0,0,0,67,2
91,184,2,1048,18,3,5,1,11,0,1,82,1
443,461,2,1130,51,0,5,1,0,0,1,72,2
443,461,2,1130,51,0,5,1,0,2,0,71,2
1495,519,1,1132,51,0,5,1,0,1,0,86,2
630,609,2,1700,2,0,2,1,5,0,1,42,1
1076,210,1,1710,51,0,2,1,5,0,1,48,2
792,1269,2,1645,5,0,2,1,0,0,1,23,2
803,1225,1,1005,5,0,5,1,15,1,1,30,2
376,1050,2,1200,51,1,5,3,0,0,0,26,2
1212,716,1,1550,51,0,5,1,0,1,1,20,2
521,787,2,1857,17,0,1,1,0,2,1,25,2
331,106,2,2010,30,3,2,1,0,0,0,42,2
331,106,2,2010,30,3,2,1,0,2,0,10,2
331,106,2,2010,30,3,2,1,0,2,0,10,2
331,106,2,2010,30,3,2,1,0,2,0,11,2
23,1485,2,956,51,0,5,1,11,0,1,48,2
16,1540,2,1004,25,3,5,1,11,0,1,46,2
1399,25,2,1730,49,0,2,1,1,0,1,46,2
1399,25,2,1730,49,0,2,1,1,2,0,32,2
927,872,2,1100,2,0,5,1,11,0,1,51,2
1017,857,1,2333,51,3,2,1,0,0,1,20,2
125,1489,3,847,23,3,5,5,0,0,1,61,2
125,1489,3,847,23,3,5,5,0,2,0,29,2
662,379,2,912,50,0,5,1,0,0,0,31,2
133,1314,2,1510,17,3,5,5,0,2,0,38,2
686,660,3,1853,3,3,2,1,0,0,0,24,2
897,741,1,1400,51,0,5,3,14,2,0,52,2
897,741,1,1400,51,0,5,3,14,2,0,56,2
704,331,2,1520,51,0,5,1,0,1,0,63,1
1146,1113,3,1850,51,0,1,1,0,0,0,27,2
1030,259,3,954,51,0,2,1,0,0,1,24,2
1030,259,3,954,51,0,2,1,0,1,1,41,2
1030,259,3,954,51,0,2,1,0,1,1,21,2
1030,259,3,954,51,0,2,1,0,1,1,27,2
423,1281,2,745,25,3,5,0,11,0,0,34,1
1419,1200,2,1300,51,0,5,1,9,0,1,20,2
1419,1200,2,1300,51,0,5,1,4,0,1,59,1
221,116,2,1145,18,3,5,0,0,2,0,18,2
221,116,2,1145,18,3,5,0,0,0,0,82,2
571,511,2,2040,16,0,2,1,0,0,0,52,2
147,1404,2,640,51,0,1,1,0,0,1,25,1
147,1404,2,640,51,0,1,1,0,0,1,39,2
134,1309,2,710,17,0,1,1,11,0,1,49,2
222,846,2,820,22,3,5,1,11,0,0,50,2
327,1144,2,815,17,0,5,1,11,0,1,32,2
787,1290,2,1125,51,0,5,1,0,0,1,80,1
1349,179,2,1205,51,3,5,5,11,0,1,10,2
1449,1095,2,1500,51,0,5,1,0,0,0,49,2
1068,1028,1,1845,51,3,2,1,0,1,1,30,2
498,546,1,715,51,3,1,1,0,1,0,13,2
862,1237,2,854,51,1,5,1,0,2,1,1,2
969,859,2,925,5,3,5,1,0,0,0,47,2
950,1390,2,1710,5,0,2,1,0,0,0,46,2
1493,869,2,1750,51,3,0,1,0,0,1,84,2
1493,869,2,1750,51,3,0,1,13,0,1,29,2
523,348,2,2115,50,3,2,1,0,0,0,26,2
523,348,2,2115,50,3,2,1,0,0,0,21,2
1454,392,1,10,51,1,0,1,0,0,1,21,2
44,1547,1,1103,51,3,2,1,0,1,0,75,2
535,452,2,1515,2,0,5,1,11,0,1,16,2
909,1277,2,1817,51,0,1,1,11,0,1,18,2
1132,978,2,2120,51,0,2,1,0,0,1,32,2
1132,978,2,2120,51,0,2,1,0,0,1,27,2
1132,978,2,2120,51,0,2,1,0,2,1,28,2
1251,828,2,9,43,3,2,1,15,2,1,36,2
612,1428,3,1230,51,3,5,1,0,0,1,87,2
612,1428,3,1230,51,3,5,1,0,2,0,86,1
809,1360,2,1308,42,3,5,1,11,0,1,31,2
532,772,5,1400,17,3,5,1,0,0,1,62,1
532,772,5,1400,17,3,5,1,0,0,1,51,2
532,772,5,1400,17,3,5,1,0,2,0,49,2
532,772,5,1400,17,3,5,1,0,0,1,42,2
532,772,5,1400,17,3,5,1,0,0,0,63,2
532,772,5,1400,17,3,5,1,0,0,1,26,2
1558,1348,2,1800,0,3,2,1,0,0,0,57,2
1558,1348,2,1800,0,3,2,1,0,0,0,30,2
911,829,2,1917,51,3,2,5,0,0,1,30,2
302,1058,2,2100,51,0,1,1,0,0,0,35,2
302,1058,2,2100,51,0,1,1,0,2,1,14,2
1246,226,1,140,11,3,2,5,0,0,1,30,2
223,846,2,627,51,3,2,5,11,0,1,52,2
87,196,2,905,18,3,5,1,9,0,1,19,2
1189,458,2,1120,5,0,5,1,8,2,1,56,2
1125,267,1,1605,50,3,2,5,0,0,1,38,2
1554,1051,2,1755,29,3,2,2,0,0,0,52,2
990,402,2,1815,51,3,2,5,0,0,0,21,2
981,581,3,1430,51,0,5,1,0,0,1,52,2
981,581,3,1430,51,0,5,1,0,2,0,51,2
981,581,3,1430,51,0,5,1,0,2,0,23,2
981,581,3,1430,51,0,5,1,0,2,1,2,2
442,11,2,1730,19,3,2,1,0,2,0,45,1
442,11,2,1730,19,3,2,1,0,0,0,18,2
442,11,2,1730,19,3,2,1,0,2,1,15,1
442,11,2,1730,19,3,2,1,0,0,1,46,2
627,442,2,1715,51,0,2,1,11,0,0,23,2
1459,542,2,1545,10,0,5,1,0,0,1,28,2
1459,542,2,1545,10,0,5,1,0,2,0,31,2
1200,1189,1,1758,51,3,2,1,0,1,1,29,2
493,1151,1,1740,25,3,2,1,9,1,1,34,1
1081,357,2,835,11,0,5,1,9,0,1,18,1
1036,260,3,901,51,0,5,1,0,0,1,33,2
1036,260,3,901,51,0,5,1,0,0,0,22,2
1249,995,1,1700,51,0,2,1,0,1,0,14,2
534,1009,2,1145,51,0,5,1,11,0,1,21,2
978,4,2,1920,18,0,1,1,0,0,0,46,2
1299,22,2,745,49,0,2,1,0,0,1,52,2
159,644,1,1100,51,0,5,1,0,1,1,60,1
508,62,2,1540,18,0,5,1,0,0,1,50,2
508,62,2,1540,18,0,5,1,0,2,1,51,2
242,721,2,1730,51,0,1,1,11,0,1,16,2
707,734,2,2007,3,3,1,1,15,0,1,24,2
707,734,2,2007,3,3,1,1,15,2,0,18,2
707,734,2,2007,3,3,1,1,0,0,0,29,2
1164,956,1,2015,51,0,2,1,0,1,0,5,2
1164,956,1,2015,51,0,2,1,0,1,0,37,2
781,596,2,2020,51,0,2,1,11,0,0,26,2
649,397,2,2128,51,0,2,1,0,0,1,19,2
141,1504,2,1100,23,3,5,1,0,0,0,84,2
141,1504,2,1100,23,3,5,1,0,0,1,63,2
141,1504,2,1100,23,3,5,1,0,2,0,57,2
1151,255,2,1224,5,0,5,1,13,0,1,37,2
488,1019,2,1300,51,0,5,1,11,0,1,19,2
189,137,2,1329,49,0,5,1,0,2,0,41,2
1191,1379,3,1350,51,3,5,1,0,0,1,18,2
1191,1379,3,1350,51,3,5,1,0,2,0,19,2
1191,1379,3,1350,51,3,5,1,0,0,0,22,2
670,390,2,1950,51,0,2,1,0,0,1,46,2
818,463,2,2118,51,0,2,1,11,0,1,19,2
687,662,2,645,2,3,2,1,0,0,1,33,2
1354,194,2,1115,51,0,5,1,0,1,1,13,1
1322,812,2,1530,51,0,5,1,11,0,1,30,2
438,878,2,1630,17,0,5,1,9,0,1,23,2
1152,1127,3,1903,51,3,2,1,0,0,0,26,2
1152,1127,3,1903,51,3,2,1,0,2,0,24,2
1152,1127,3,1903,51,3,2,1,0,2,1,20,2
1290,989,2,2030,51,0,2,1,0,2,0,34,2
75,1531,2,1845,25,0,1,1,11,0,1,47,2
541,191,2,1700,51,3,1,1,0,2,0,29,2
1008,1123,1,901,51,0,5,1,0,1,0,40,2
421,901,2,1205,17,0,5,1,11,0,0,42,2
447,292,1,1608,50,3,5,1,0,0,0,26,2
1432,1176,2,1640,51,3,2,1,9,0,1,27,2
279,522,2,128,51,1,2,1,0,0,1,17,1
880,517,1,955,51,0,5,1,0,1,1,52,1
837,354,2,1125,19,3,5,1,9,0,1,57,2
923,276,2,1147,50,0,5,1,0,0,0,77,2
1149,462,1,1200,51,0,5,1,0,1,1,12,2
1339,153,1,1500,20,3,5,1,0,1,1,78,1
326,1492,1,1754,25,0,1,1,11,0,1,43,2
1071,958,1,953,51,0,5,1,13,1,1,26,1
192,165,2,1232,18,0,5,1,0,0,1,45,2
743,693,2,1716,51,0,2,1,11,0,1,54,2
1256,965,2,1845,51,0,2,1,0,0,0,34,2
913,351,2,735,50,0,5,1,0,0,0,36,2
913,351,2,735,50,0,5,1,6,0,1,34,2
913,351,2,735,50,0,5,1,6,2,0,22,2
1496,1555,2,1010,1,3,5,1,0,0,0,21,1
1472,1443,2,1855,51,0,2,1,9,0,1,20,1
105,162,3,1900,18,3,2,1,0,0,1,27,2
105,162,3,1900,18,3,2,1,0,0,0,17,2
873,310,1,2200,51,3,2,5,0,1,0,19,2
411,910,2,200,17,3,2,1,0,0,1,67,2
411,910,2,200,17,3,2,1,15,2,1,18,2
411,910,2,200,17,3,2,1,15,2,1,25,2
411,910,2,200,17,3,2,1,15,2,1,24,2
1259,53,1,725,35,0,1,1,0,1,1,32,2
558,548,2,1510,16,0,5,1,0,0,0,36,2
1024,330,2,1445,51,0,2,1,4,0,1,23,1
190,1147,2,1045,51,3,5,1,11,0,1,41,1
963,1364,2,1730,5,3,2,5,0,0,1,49,2
1149,145,2,705,49,3,2,5,0,0,1,35,2
1169,1145,2,846,51,3,5,1,11,0,1,30,2
1443,657,2,1146,9,0,5,1,0,0,1,66,2
834,561,2,1329,51,3,5,1,9,0,1,55,2
1273,1175,2,1510,2,0,5,1,0,0,0,66,2
1273,1175,2,1510,2,0,5,1,0,2,0,31,2
41,1476,1,1823,51,0,1,1,0,1,1,13,2
937,1344,2,2144,51,0,2,1,0,0,0,40,2
937,1344,2,2144,51,0,2,1,0,2,0,49,2
510,1233,1,9,51,0,2,1,0,0,1,24,2
231,538,1,814,6,3,5,5,0,0,1,50,2
1139,262,2,710,5,3,1,5,0,0,0,59,2
1139,262,2,710,5,3,1,5,0,0,1,43,2
499,75,2,1534,19,0,5,1,0,0,0,33,2
1119,1065,2,1915,2,0,2,1,0,0,1,22,2
1157,1273,2,820,51,0,5,1,0,0,0,31,2
1157,1273,2,820,51,0,5,1,0,2,1,6,2
1157,1273,2,820,51,0,5,1,0,2,0,3,2
1332,27,2,901,49,3,5,1,0,0,1,45,2
1332,27,2,901,49,3,5,1,0,2,1,67,2
451,1246,2,840,25,0,5,1,11,0,1,28,2
940,1238,1,1200,51,0,5,1,9,1,0,40,1
940,1238,1,1200,51,0,5,1,9,0,1,24,2
1502,413,2,1230,10,0,5,1,0,0,1,80,2
1502,413,2,1230,10,0,5,1,0,2,0,78,1
1502,413,2,1230,10,0,5,1,0,0,0,60,2
1091,455,2,1315,5,0,5,1,0,0,1,42,2
1507,1550,1,1445,0,0,5,1,0,0,1,59,2
205,1407,3,1011,51,0,5,1,0,0,1,83,2
840,693,2,1909,51,0,2,1,11,0,1,25,1
497,3,2,1130,51,0,5,1,0,0,1,30,2
1016,73,2,1243,48,0,5,1,0,0,0,23,2
847,682,1,1155,51,0,5,1,14,2,1,65,2
85,763,2,1615,16,3,5,1,0,0,0,45,2
412,1105,1,1920,51,0,2,1,0,1,0,23,2
272,1437,3,905,51,3,5,1,11,0,1,47,1
598,1359,1,1019,7,3,5,1,0,1,0,43,0
1055,713,2,1450,51,0,5,1,14,2,0,75,2
489,1156,2,1631,25,0,5,1,1,1,0,19,1
1366,640,2,1805,43,0,2,1,4,0,1,22,1
736,457,2,1936,51,3,2,1,13,0,1,52,2
736,457,2,1936,51,3,2,1,13,2,0,40,2
1302,21,2,2003,49,0,4,1,0,0,1,27,2
1302,21,2,2003,49,0,4,1,0,2,1,27,2
1302,21,2,2003,49,0,4,1,0,2,0,45,2
1302,21,2,2003,49,0,4,1,0,2,1,5,2
1302,21,2,2003,49,0,4,1,0,2,0,45,2
1302,21,2,2003,49,0,4,1,0,2,0,14,2
583,1262,2,2024,51,0,2,1,0,0,1,77,2
583,1262,2,2024,51,0,2,1,0,0,1,26,2
583,1262,2,2024,51,0,2,1,0,2,1,25,2
583,1262,2,2024,51,0,2,1,0,2,1,27,2
310,784,2,1810,16,3,2,1,4,0,1,30,0
310,784,2,1810,16,3,2,1,0,0,1,72,2
310,784,2,1810,16,3,2,1,0,2,0,70,1
1309,1169,2,2000,51,0,2,1,0,0,0,33,2
1309,1169,2,2000,51,0,2,1,0,0,1,55,2
708,711,2,950,2,0,5,1,0,2,0,43,2
1045,824,1,1718,51,3,2,5,13,1,0,6,1
1202,935,2,1430,43,0,5,1,11,0,1,42,2
852,830,2,1815,51,3,2,5,0,2,0,56,2
494,52,2,1055,18,0,5,1,0,0,0,84,2
738,378,2,1450,51,0,5,1,11,0,1,24,2
677,617,2,1740,51,0,2,1,0,0,1,39,2
783,828,2,1302,51,0,5,1,11,0,1,19,2
1121,897,1,1144,51,0,5,1,0,1,0,20,2
363,192,2,800,15,0,5,1,0,2,0,12,2
363,192,2,800,15,0,5,1,0,2,0,12,2
248,1311,1,1415,51,0,5,1,0,1,1,21,2
754,479,1,1730,51,0,2,1,0,1,1,24,2
78,1409,2,1811,17,3,2,1,10,0,1,25,2
8,1508,2,1630,51,0,2,1,0,0,0,47,2
835,724,2,1900,51,0,2,1,11,0,0,22,2
879,311,1,1900,51,0,2,1,0,1,0,14,1
1475,86,1,1500,51,0,5,1,0,1,0,52,2
276,447,3,2024,51,0,2,1,0,2,1,15,1
652,630,2,1700,3,0,1,1,0,0,1,55,2
1000,1265,1,1130,51,0,5,1,0,1,0,81,1
657,515,2,645,51,3,2,5,9,0,1,50,2
786,1222,1,800,51,0,5,1,0,1,0,15,2
960,1373,3,918,51,0,5,1,0,0,1,63,2
428,314,2,810,51,3,5,1,9,0,1,25,2
1527,126,2,1429,51,0,5,1,5,0,1,16,2
884,952,2,2015,51,3,1,1,0,2,0,34,2
884,952,2,2015,51,3,1,1,0,2,0,26,2
935,74,3,1450,49,3,5,1,0,0,1,74,2
585,1264,1,1800,42,0,2,1,0,1,1,75,2
585,1264,1,1800,42,0,2,1,0,1,1,59,1
362,223,2,1854,50,3,2,1,15,0,1,57,2
500,895,1,1930,51,3,2,1,0,1,1,12,1
808,324,2,2123,51,3,2,1,11,0,1,19,2
671,1376,4,2038,51,0,2,1,0,0,1,48,2
502,861,2,1100,51,3,5,1,0,0,0,23,2
768,429,2,1435,50,3,5,1,0,0,1,31,2
450,722,3,1728,51,0,2,1,0,0,1,46,2
450,722,3,1728,51,0,2,1,0,0,0,40,2
140,642,2,715,51,0,1,1,9,0,1,46,2
140,642,2,715,51,0,1,1,9,2,0,48,1
512,127,5,1033,30,3,5,1,0,0,1,32,2
614,1214,1,830,51,0,5,1,14,2,0,72,2
944,607,1,1331,51,0,5,1,14,2,0,33,2
490,254,2,1625,6,0,5,1,0,2,0,52,2
1167,1418,2,855,51,0,5,1,0,0,1,24,2
127,136,2,947,18,0,5,1,0,0,1,55,2
1279,759,1,1200,12,0,5,1,14,1,1,20,1
1300,216,2,730,11,3,1,1,0,0,1,30,2
1082,1102,2,1715,51,0,2,1,0,0,0,51,2
943,575,2,900,51,0,5,1,11,0,1,39,2
251,1152,2,1900,42,3,2,5,0,0,1,49,1
251,1152,2,1900,42,3,2,5,0,2,0,54,1
251,1152,2,1900,42,3,2,5,0,0,1,42,2
126,422,5,430,51,3,2,4,0,0,1,21,1
126,422,5,430,51,3,2,4,0,2,0,20,2
451,866,2,805,17,3,5,2,11,0,0,27,2
462,284,2,845,6,3,5,5,15,2,0,21,2
1326,482,1,1438,51,0,5,1,0,1,0,3,2
1233,1247,1,1600,51,0,5,1,0,1,0,39,2
1344,636,2,2000,43,0,2,1,0,0,1,35,2
921,1008,1,40,51,0,2,1,0,2,1,18,1
894,696,1,1640,51,0,5,1,14,2,0,35,2
340,1074,2,2056,17,3,2,5,0,2,0,44,2
1390,1435,2,935,2,3,5,1,0,0,1,69,2
1312,783,2,1300,51,0,5,1,0,2,0,59,2
1451,14,2,1350,49,0,5,1,0,2,0,16,2
1451,14,2,1350,49,0,5,1,0,2,1,15,2
1521,383,2,1855,10,0,2,1,0,0,1,36,2
1521,383,2,1855,10,0,2,1,0,0,1,49,2
1329,26,2,2149,49,0,0,1,0,0,1,46,2
1329,26,2,2149,49,0,0,1,0,2,1,1,1
1329,26,2,2149,49,0,0,1,0,0,1,55,1
1329,26,2,2149,49,0,0,1,0,2,0,52,1
1329,26,2,2149,49,0,0,1,0,2,1,16,1
106,1216,2,1245,51,3,5,3,0,2,0,39,2
95,939,1,1506,51,3,5,5,0,1,0,13,2
824,679,1,1629,51,0,5,1,0,1,0,37,2
977,572,1,1015,5,0,5,1,0,1,1,31,2
1114,183,2,1515,51,0,5,1,0,0,0,30,2
329,105,1,1526,51,0,5,1,0,1,1,12,1
230,540,2,1822,6,0,2,1,11,0,1,45,2
589,534,2,43,16,3,2,4,0,0,1,26,2
589,534,2,43,16,3,2,4,0,2,1,20,2
917,470,2,905,19,0,5,1,11,0,1,17,2
442,1140,2,1730,51,3,2,5,11,0,0,21,2
1373,645,1,1500,43,0,5,1,0,1,0,11,2
1361,1218,1,900,51,0,5,1,0,1,1,7,2
81,785,2,1830,16,0,1,1,0,0,0,27,2
50,1534,2,1004,51,0,5,1,11,0,1,72,1
1244,224,2,1130,11,0,5,1,10,0,1,48,1
959,1353,1,1216,51,0,5,1,0,1,1,71,2
644,299,2,1430,51,0,5,1,0,0,1,39,2
210,849,2,1810,51,0,2,1,11,0,1,26,2
364,618,2,33,51,0,1,1,14,2,1,81,2
109,805,1,50,51,0,2,1,0,1,0,20,2
889,2,2,320,48,0,0,1,0,0,1,33,2
889,2,2,320,48,0,0,1,0,0,1,36,2
889,2,2,320,48,0,0,1,0,2,0,42,1
437,460,2,1813,51,3,2,1,11,0,1,56,2
721,265,2,2320,51,3,2,5,15,0,1,36,2
721,265,2,2320,51,3,2,5,15,2,1,51,2
721,265,2,2320,51,3,2,5,15,2,0,46,2
1426,715,2,4,51,3,3,5,2,1,1,36,1
227,498,2,1445,39,0,5,1,0,0,1,32,2
42,1477,2,810,51,3,5,5,0,0,0,53,1
853,395,2,825,50,0,5,1,0,0,0,37,2
180,149,2,1240,8,3,5,1,0,2,0,65,2
667,66,2,1425,49,3,5,5,0,0,1,64,2
1142,161,2,754,48,0,5,1,10,0,1,51,1
1253,114,2,800,20,0,5,1,0,0,0,35,2
177,252,1,1425,51,0,5,1,13,1,1,47,1
730,804,2,1643,3,0,1,1,0,2,1,56,2
850,496,2,1813,51,0,2,1,11,0,1,23,2
611,889,2,1630,51,0,5,1,0,0,0,26,2
1213,933,2,658,51,3,2,5,9,0,1,21,1
7,1464,2,720,51,0,1,1,0,0,1,33,2
7,1464,2,720,51,0,1,1,0,2,0,32,2
118,580,1,1221,51,0,5,1,0,1,1,66,2
760,112,1,1246,51,3,5,5,0,1,0,19,1
763,1343,1,1551,51,0,5,1,0,1,0,15,2
1026,1312,2,1626,51,3,5,1,0,0,0,28,2
1026,1312,2,1626,51,3,5,1,0,2,0,58,2
557,1278,1,1815,51,0,2,1,0,1,1,50,2
569,954,2,1835,51,3,2,5,11,0,1,22,2
548,334,2,1146,51,0,5,1,0,0,0,54,2
548,334,2,1146,51,0,5,1,0,0,0,83,2
169,934,2,1255,51,0,5,1,11,0,1,28,2
73,850,2,1340,16,0,5,1,0,0,0,25,2
73,850,2,1340,16,0,5,1,0,2,0,25,2
73,850,2,1340,16,0,5,1,0,0,0,29,2
1549,549,2,1836,21,0,1,1,0,0,0,25,2
1549,549,2,1836,21,0,1,1,0,2,1,27,2
1549,549,2,1836,21,0,1,1,0,0,1,44,2
1214,757,2,815,51,0,5,1,11,0,1,16,2
247,833,2,1030,16,3,5,5,0,0,1,33,2
402,923,1,1435,17,3,5,5,13,1,0,32,2
1118,1068,1,1900,51,3,2,5,0,1,1,44,2
258,1110,1,1910,51,0,2,1,0,1,1,44,2
114,190,2,820,51,3,5,1,0,0,0,39,2
616,584,1,1110,2,0,5,1,14,2,0,2,2
1411,306,2,2045,48,3,0,5,0,0,0,36,2
1411,306,2,2045,48,3,0,5,0,2,1,32,2
882,629,1,910,51,0,5,1,14,2,0,23,2
635,1044,1,1405,25,0,5,1,0,1,1,21,2
211,1352,2,826,51,3,5,1,9,0,1,20,1
406,625,1,1130,51,0,5,1,0,1,0,48,2
906,710,2,2015,51,3,2,5,0,0,1,31,2
906,710,2,2015,51,3,2,5,0,2,1,9,2
906,710,2,2015,51,3,2,5,0,2,1,7,2
737,743,1,1312,51,0,5,1,13,1,0,64,2
164,238,2,1515,2,0,5,1,11,0,1,73,2
1014,610,1,945,51,0,5,1,14,2,0,80,2
1269,758,2,1715,43,0,1,1,11,0,0,45,2
480,773,2,2055,51,0,2,1,0,0,0,35,2
480,773,2,2055,51,0,2,1,0,0,0,42,2
672,388,2,817,51,0,5,1,0,0,1,44,2
696,681,2,1410,2,3,5,5,0,2,1,37,2
1065,1007,1,1700,51,0,1,1,0,1,0,7,2
62,1450,2,1038,51,3,5,1,0,0,0,23,2
1047,921,2,2207,51,0,2,1,0,0,1,57,2
1047,921,2,2207,51,0,2,1,0,2,0,22,2
1283,60,2,853,35,0,5,1,0,0,0,34,2
1283,60,2,853,35,0,5,1,0,0,1,42,2
1285,29,2,1535,49,0,5,1,0,0,0,31,2
24,1517,4,1738,51,0,1,1,9,0,1,20,0
1383,1254,2,2015,7,0,2,1,11,0,1,15,1
1093,6,2,2030,48,0,2,1,0,0,0,24,1
1093,6,2,2030,48,0,2,1,0,0,1,42,2
430,319,2,1334,8,0,5,1,0,0,0,36,2
430,319,2,1334,8,0,5,1,0,2,0,33,2
185,158,2,1400,8,0,5,1,10,0,1,46,1
408,1010,2,1327,51,0,5,1,0,2,0,67,2
342,574,2,1440,51,0,5,1,11,0,1,4,2
544,830,2,1442,51,0,5,1,0,0,1,37,2
870,526,2,1453,51,0,5,1,10,0,1,56,1
486,1166,1,2322,25,3,2,5,0,1,0,45,2
976,174,2,1330,51,3,5,5,11,0,1,32,2
989,430,2,1715,5,0,1,1,0,0,1,26,2
1294,222,2,2115,48,0,2,1,0,0,1,30,2
690,1163,1,735,51,0,5,1,0,1,0,18,2
228,539,2,815,51,0,5,1,11,0,1,38,2
586,1091,2,905,25,0,5,1,11,0,0,40,2
1127,555,1,916,51,0,5,1,0,1,0,73,2
474,841,2,1145,51,0,5,1,0,2,0,69,2
1046,667,1,1740,51,0,1,1,14,2,1,6,2
1544,287,2,714,21,0,1,1,8,0,1,42,2
1307,1129,1,1015,51,0,5,1,14,2,0,89,2
330,524,2,800,51,0,5,1,9,0,1,51,2
252,1387,3,1900,51,0,2,1,0,0,0,31,2
1061,662,1,1950,12,0,2,1,0,1,1,27,2
811,151,2,1610,51,0,5,1,0,0,0,36,2
746,1306,2,820,51,0,5,1,11,0,1,40,2
529,213,1,1815,19,3,2,5,0,1,1,16,1
481,1101,2,1745,51,3,1,4,11,0,1,21,2
577,871,2,2300,51,0,2,1,11,0,1,48,2
174,809,2,37,51,0,1,1,0,0,1,36,2
51,740,2,1440,39,0,5,1,0,0,1,39,2
89,884,2,1210,41,3,5,1,0,0,0,44,2
594,552,2,1350,2,0,5,1,0,0,0,30,2
26,1532,2,1640,25,3,5,1,0,2,1,46,2
556,353,2,1815,15,3,2,5,0,0,1,43,2
1138,939,2,1930,51,3,2,1,11,0,1,27,2
79,868,2,1825,51,0,1,1,11,0,1,20,2
984,578,1,2245,5,3,2,1,0,1,1,21,2
212,12,2,1000,30,3,5,3,0,2,0,29,2
1404,168,2,1240,14,0,5,1,0,2,0,27,2
347,181,1,1355,51,3,5,1,0,1,0,43,2
1040,1120,3,1946,51,0,1,1,0,2,1,31,2
1040,1120,3,1946,51,0,1,1,0,2,1,19,2
819,454,2,1230,19,0,5,1,0,0,1,36,2
998,1060,2,845,51,3,5,1,11,0,1,33,1
1120,1061,2,850,2,3,5,5,0,0,1,23,2
168,1509,1,900,51,1,5,5,0,0,0,30,2
1240,1249,3,755,51,3,5,6,11,0,1,10,2
1524,132,2,955,51,3,5,1,5,0,1,16,2
104,454,2,1645,51,0,5,1,0,0,1,27,2
1218,1328,3,1652,51,0,5,0,0,0,0,54,2
1479,427,2,1650,14,0,5,1,10,0,1,26,2
916,569,1,1935,51,0,2,1,0,1,1,16,1
739,742,1,1830,51,0,1,1,5,1,1,26,2
1405,1109,2,1115,7,3,5,5,0,0,0,28,2
1296,23,1,1130,49,3,5,5,0,0,1,27,2
1271,1001,2,1322,51,3,5,4,0,2,0,39,2
823,669,1,1345,51,3,5,5,0,1,0,35,2
774,688,1,1500,51,0,5,1,14,2,0,64,2
573,802,1,1634,51,0,5,1,14,2,0,22,2
573,802,1,1634,51,0,5,1,14,2,0,22,2
637,1044,1,1910,25,3,2,5,0,1,0,23,2
992,1196,2,1918,51,3,2,5,0,2,1,47,2
992,1196,2,1918,51,3,2,5,0,2,0,12,2
992,1196,2,1918,51,3,2,5,0,2,0,9,2
218,1510,2,820,25,3,5,1,0,0,0,52,2
2,1482,2,1235,51,0,5,1,0,0,1,21,2
2,1482,2,1235,51,0,5,1,0,0,1,90,2
2,1482,2,1235,51,0,5,1,0,2,0,84,2
1470,485,2,1716,51,0,1,1,0,0,0,75,1
1188,96,2,1755,48,0,1,1,0,0,1,31,2
1471,1202,2,900,51,0,5,1,10,0,1,24,2
551,58,2,830,51,0,5,1,11,0,1,12,2
1375,647,1,1200,43,0,5,1,0,1,0,17,1
500,877,2,1420,51,0,5,1,0,2,0,19,2
1377,916,3,1635,51,0,5,1,0,0,0,30,2
195,1384,2,1815,51,0,1,1,0,2,1,21,2
195,1384,2,1815,51,0,1,1,0,2,1,20,2
195,1384,2,1815,51,0,1,1,0,2,1,19,2
831,322,4,403,2,0,2,1,0,0,0,19,2
1487,440,1,1230,10,0,5,1,0,1,1,89,2
1031,635,2,1200,19,0,5,1,0,0,0,26,1
290,152,1,1230,15,0,5,3,0,2,0,12,1
290,152,1,1230,15,0,5,3,0,2,0,10,1
1334,664,2,1251,51,0,5,1,0,2,0,9,2
1334,664,2,1251,51,0,5,1,0,2,1,8,2
67,1416,2,1320,37,0,5,1,0,0,0,71,2
67,1416,2,1320,37,0,5,1,0,2,0,77,2
698,947,1,1514,25,0,5,1,14,1,1,27,2
600,477,2,1940,51,0,2,1,5,0,1,53,2
1250,827,1,2040,34,0,2,1,0,1,1,9,2
1533,1564,2,1245,51,0,5,1,11,0,1,42,2
1337,208,2,635,11,0,2,1,10,0,1,59,1
801,1220,3,730,5,0,1,1,14,0,1,23,2
560,521,2,750,39,0,5,1,0,2,0,24,2
993,927,6,1030,2,0,5,1,0,0,1,18,2
993,927,6,1030,2,0,5,1,0,2,1,17,2
283,806,2,1258,16,0,5,1,0,0,0,29,2
283,806,2,1258,16,0,5,1,0,2,1,32,2
197,1031,2,800,22,0,5,1,11,0,1,14,2
1350,1304,3,708,51,0,1,1,0,0,0,21,2
385,1154,1,1000,51,0,5,1,0,1,0,35,2
260,1205,2,1700,17,0,1,1,11,0,1,51,2
1204,926,1,1500,43,0,5,1,14,2,0,1,2
1010,410,2,540,11,3,2,1,11,0,1,29,2
305,426,3,1124,6,3,5,5,0,0,0,20,2
654,655,1,1455,3,3,5,5,0,1,0,52,1
815,794,1,1522,51,3,5,5,13,1,1,19,2
298,836,2,1543,51,0,5,1,0,0,0,31,2
1066,1005,2,1625,51,3,5,1,9,0,1,24,2
1450,212,2,1640,51,3,5,5,13,0,1,35,2
458,300,2,1716,6,0,2,1,0,2,0,20,2
458,300,2,1716,6,0,2,1,0,2,0,26,2
296,1337,2,1730,7,3,1,1,9,0,1,20,2
610,18,2,1032,51,0,5,1,0,0,1,46,2
262,967,5,1440,51,0,5,1,13,0,1,35,2
609,228,3,1549,19,0,5,1,0,2,1,9,2
1529,1544,1,1620,51,0,5,1,0,1,1,4,2
460,138,2,30,51,0,2,1,0,0,0,33,2
1029,337,2,1130,51,0,5,1,11,0,1,21,2
36,1449,2,1237,17,0,5,1,11,0,1,39,2
1275,754,2,1550,12,0,5,1,14,2,0,11,2
1005,590,2,1600,19,0,5,1,14,2,0,20,2
1126,943,1,1930,51,0,1,1,0,1,1,4,2
728,305,2,1200,51,0,5,1,0,0,1,58,2
574,121,1,1559,19,0,5,1,0,0,1,51,2
574,121,1,1559,19,0,5,1,0,2,0,60,2
742,286,1,1812,51,0,1,1,6,1,0,5,2
20,1484,1,945,51,0,5,1,5,0,1,17,2
343,528,1,1733,51,0,1,1,0,1,1,31,1
931,381,2,1853,5,0,1,1,0,2,0,27,2
931,381,2,1853,5,0,1,1,0,0,0,23,2
931,381,2,1853,5,0,1,1,0,2,0,20,2
1313,531,2,1919,51,0,1,1,9,0,1,17,2
103,504,2,1025,51,0,5,1,0,0,1,76,2
665,529,2,1610,51,0,5,1,11,0,1,22,2
669,1363,2,1525,7,0,5,1,0,0,0,44,2
759,657,1,2350,51,0,2,1,0,1,0,44,1
295,1323,1,535,51,0,2,1,9,0,1,18,1
515,1111,1,740,25,0,5,1,0,0,1,19,2
400,269,3,830,50,0,5,1,0,0,1,53,2
400,269,3,830,50,0,5,1,0,0,0,36,2
400,269,3,830,50,0,5,1,0,0,1,41,2
593,550,3,1100,2,0,5,1,0,0,0,23,2
1272,1001,2,1830,51,0,1,1,11,0,0,58,2
338,1076,2,1200,42,0,5,1,15,2,0,25,2
54,1432,2,1330,17,0,5,1,0,0,0,22,2
566,344,2,1751,15,0,1,1,10,0,1,29,2
1385,37,2,1750,49,0,1,1,0,2,1,51,2
722,656,1,1755,51,0,1,1,0,1,1,45,2
1553,1380,4,1010,0,0,5,1,0,0,1,71,2
1553,1380,4,1010,0,0,5,1,0,2,1,38,2
1422,172,3,1050,14,0,5,1,0,0,1,53,2
1422,172,3,1050,14,0,5,1,0,0,0,25,2
1552,1048,2,1145,27,0,5,1,11,0,1,36,1
371,1330,2,1035,7,0,5,1,0,2,0,9,2
821,294,2,1120,51,0,5,1,0,2,0,6,2
1321,1260,6,1320,51,0,5,1,0,0,0,70,2
1321,1260,6,1320,51,0,5,1,0,0,1,38,2
1321,1260,6,1320,51,0,5,1,0,2,0,51,2
899,832,2,1403,51,0,5,1,11,0,1,26,2
1042,665,1,1300,51,0,5,1,14,2,0,35,2
994,1327,1,1600,51,0,5,1,0,1,1,9,1
755,275,2,1700,19,0,1,1,0,0,1,18,2
755,275,2,1700,19,0,1,1,0,2,0,18,2
386,1331,2,2145,7,0,2,1,11,0,1,56,2
67,1417,1,2253,17,0,2,1,0,1,0,45,2
227,498,2,2325,51,0,2,1,0,0,0,19,2
1083,474,2,905,10,0,5,1,0,0,0,38,2
1083,474,2,905,10,0,5,1,0,0,1,57,2
1239,925,1,1215,51,0,5,1,9,0,1,21,2
1540,221,2,1615,21,0,5,1,0,0,0,19,2
1540,221,2,1615,21,0,5,1,0,0,0,44,2
1540,221,2,1615,21,0,5,1,0,2,0,6,2
1540,221,2,1615,21,0,5,1,0,2,1,9,2
1540,221,2,1615,21,0,5,1,0,2,1,49,2
1289,687,1,1621,51,0,5,1,0,1,0,6,2
902,356,1,1724,50,0,1,1,9,0,1,57,1
255,1313,3,1255,7,0,5,1,0,0,1,54,2
1374,325,1,650,48,0,1,1,0,0,1,32,2
184,160,2,1100,18,0,5,1,10,0,1,74,2
556,533,3,1445,39,0,5,1,0,0,1,57,2
813,1370,1,1536,5,0,5,1,0,1,1,70,2
668,280,1,1550,51,0,5,1,15,1,1,6,2
1206,48,2,1817,49,0,1,1,0,0,1,30,2
1430,1478,2,851,51,0,5,1,0,0,0,70,2
423,1401,2,1620,51,0,5,1,0,2,1,9,2
423,1401,2,1620,51,0,5,1,0,2,0,70,2
35,776,4,1700,16,0,1,1,0,0,1,39,2
1314,987,2,1229,51,0,5,1,15,2,0,41,2
468,362,2,1500,8,0,5,1,0,2,0,7,2
1038,648,2,1536,19,0,5,1,14,2,0,21,2
588,8,2,1900,51,0,1,1,0,0,1,25,2
287,1374,1,1102,51,0,5,1,0,1,1,15,1
1228,729,1,1830,51,0,1,1,0,1,1,54,2
360,99,2,2120,51,3,2,1,0,0,1,26,2
360,99,2,2120,51,3,2,1,0,0,1,60,2
830,316,2,2342,51,3,2,5,11,0,1,24,2
769,1381,1,2343,7,0,2,1,0,2,1,12,2
941,875,2,1313,51,0,5,1,0,0,0,49,2
865,595,1,1600,51,0,5,1,14,1,0,45,2
405,1285,3,1625,25,0,5,1,0,2,0,56,2
1288,764,2,2145,12,0,2,1,0,0,0,26,2
965,915,2,1454,51,0,5,1,0,0,1,24,2
158,1298,2,1545,7,0,5,1,0,2,1,20,2
1382,1106,1,1816,51,0,1,1,14,2,0,47,2
74,992,1,1945,7,3,1,5,0,0,1,20,2
961,1364,2,2047,51,0,1,1,0,0,1,20,2
1292,24,1,2210,49,3,2,5,0,2,0,36,2
590,545,2,2312,2,3,2,1,0,2,0,15,2
590,545,2,2312,2,3,2,1,0,2,0,43,2
1048,920,2,1130,51,0,5,1,0,2,0,26,2
606,571,3,1300,2,0,5,1,0,2,0,40,2
606,571,3,1300,2,0,5,1,0,0,1,63,2
10,1495,3,1040,17,0,5,1,0,0,0,81,1
451,866,2,750,17,0,5,1,11,0,1,42,2
97,1170,5,1715,7,0,1,1,0,0,0,49,2
1264,778,2,1015,43,0,5,1,12,2,0,81,2
419,652,2,2107,16,0,1,1,0,0,0,24,2
419,652,2,2107,16,0,1,1,0,0,1,33,2
483,256,2,2119,6,0,2,1,9,0,1,19,2
1446,643,2,1442,7,0,5,1,0,0,1,77,2
316,1080,3,1640,42,0,5,1,0,0,0,64,2
316,1080,3,1640,42,0,5,1,0,2,0,62,2
316,1080,3,1640,42,0,5,1,0,0,1,65,2
1328,986,2,2313,51,0,2,1,0,0,1,37,2
1501,400,1,815,36,0,5,1,0,0,1,20,2
98,504,2,1539,51,0,5,1,13,1,0,18,2
1254,1527,1,1550,24,0,5,1,8,1,0,57,0
1330,140,2,2050,20,0,2,1,0,2,1,49,2
1330,140,2,2050,20,0,2,1,0,2,0,25,2
1330,140,2,2050,20,0,2,1,0,2,0,7,2
440,1266,2,903,25,0,5,1,11,0,1,26,2
319,1079,2,1150,42,0,5,1,15,0,1,52,2
319,1079,2,1150,42,0,5,1,15,2,1,31,2
319,1079,2,1150,42,0,5,1,0,2,0,37,2
1234,1133,1,1920,2,0,1,1,14,2,0,3,2
520,852,2,1910,51,0,1,1,14,2,1,60,2
1096,235,2,1645,51,0,5,1,9,0,1,28,2
423,1279,2,1711,25,0,1,1,11,0,1,33,2
680,619,3,1605,51,0,5,1,0,0,0,27,2
973,780,1,1847,51,0,1,1,14,1,1,24,2
503,863,2,450,51,0,1,1,11,0,1,41,2
1485,443,2,1100,10,0,5,1,10,0,1,62,1
1485,443,2,1100,10,0,5,1,10,2,0,55,2
1340,1456,2,1410,51,0,5,1,0,0,1,42,2
259,1316,2,705,7,0,1,1,0,0,1,23,2
1481,441,2,1702,10,0,1,1,4,0,1,56,1
984,1022,2,1709,51,0,1,1,0,0,0,34,2
984,1022,2,1709,51,0,1,1,0,2,0,15,2
984,1022,2,1709,51,0,1,1,0,0,1,25,2
1416,125,2,1830,11,0,1,1,10,0,1,37,2
1416,125,2,1830,11,0,1,1,10,2,0,35,2
472,1182,1,1031,25,0,5,1,15,2,1,63,2
767,506,1,1600,51,0,5,1,0,1,0,24,2
1276,535,2,1645,51,0,5,1,0,2,1,42,2
1276,535,2,1645,51,0,5,1,0,2,0,13,2
137,1287,2,1650,7,0,2,1,0,2,1,20,2
640,646,2,835,17,0,5,1,11,0,1,33,2
284,187,2,741,51,0,5,1,0,0,0,30,2
1257,79,2,730,51,0,1,1,11,0,1,13,1
456,510,2,1550,39,0,5,1,15,1,1,13,2
1184,1339,2,1918,51,0,1,1,0,0,0,50,2
613,1425,2,816,51,3,5,1,11,0,1,33,2
1162,56,2,831,49,0,5,1,0,0,1,51,2
1162,56,2,831,49,0,5,1,0,0,1,39,2
700,944,1,1300,25,0,5,1,14,2,0,75,2
393,492,2,1641,51,0,5,1,11,0,1,38,2
724,502,2,1900,51,0,1,1,0,0,1,27,2
826,737,1,1910,25,0,1,1,14,2,0,41,2
1453,391,1,2230,51,0,0,1,0,0,1,18,2
1453,391,1,2230,51,0,0,1,0,2,0,19,2
1453,391,1,2230,51,0,0,1,0,2,1,18,2
1453,391,1,2230,51,0,0,1,0,2,0,17,2
1208,725,2,805,51,0,5,1,15,0,1,34,2
122,1511,2,906,51,0,5,1,6,0,0,48,2
1298,19,2,1020,49,0,5,1,13,0,1,56,2
983,793,2,902,5,0,5,1,14,2,0,51,2
94,769,2,1457,51,0,5,1,0,0,0,57,2
1199,901,2,1624,51,0,5,1,0,0,1,29,2
1199,901,2,1624,51,0,5,1,0,2,0,2,2
1199,901,2,1624,51,0,5,1,0,2,1,1,2
1199,901,2,1624,51,0,5,1,0,0,1,28,2
381,1284,2,954,51,0,5,1,0,0,0,62,2
1006,1118,1,1652,51,0,5,1,0,1,1,4,0
1104,1002,2,100,2,3,2,1,0,2,0,18,2
101,1444,3,1500,51,0,5,1,0,0,0,21,2
101,1444,3,1500,51,0,5,1,0,2,0,20,2
1023,420,2,1949,5,0,1,1,10,0,1,17,1
771,602,1,2142,51,0,2,1,15,1,0,38,2
149,143,2,315,18,0,2,1,0,0,0,21,2
441,1013,1,2000,51,0,1,1,15,2,0,20,2
269,587,2,1440,51,0,5,1,10,0,1,21,1
709,719,1,2135,3,0,2,1,0,0,1,31,2
1011,851,2,2200,51,0,1,1,0,0,1,31,2
1122,1066,2,6,2,0,2,1,0,0,1,21,2
199,1389,2,825,51,0,5,1,0,1,0,50,2
744,512,2,830,51,0,5,1,11,0,1,29,2
1078,775,2,930,51,0,5,1,0,2,0,55,1
1211,1377,1,1530,51,0,5,1,13,1,1,40,1
38,1551,1,1510,46,0,5,1,0,1,0,11,1
17,1486,1,1800,17,0,1,1,10,0,1,19,2
1423,904,1,1620,51,0,5,1,14,2,0,87,2
757,998,2,1935,51,0,1,1,11,0,1,8,2
735,1033,2,134,51,0,2,1,0,0,1,26,2
348,1319,2,750,51,0,5,1,0,0,1,25,2
812,130,2,1125,51,3,5,1,9,0,1,19,2
1155,254,2,1227,5,0,5,1,14,2,1,82,2
676,709,1,1516,51,0,5,1,0,0,0,63,2
200,1020,1,1531,22,0,5,1,14,2,0,74,2
206,979,2,2100,51,0,1,1,9,0,0,29,2
271,847,2,753,51,0,5,1,11,0,1,10,2
1439,803,1,1025,51,0,5,1,0,1,0,86,2
842,495,2,1540,19,0,5,1,0,0,1,26,2
933,896,2,1650,2,0,5,1,4,0,1,47,2
1160,638,1,1540,12,0,5,1,14,2,1,1,2
664,236,1,1755,51,0,1,1,0,2,1,1,2
625,444,2,1745,51,0,1,1,4,0,1,40,1
309,1261,2,2036,51,0,1,1,0,0,1,24,2
872,964,2,816,51,0,5,1,5,0,0,23,2
250,1316,2,746,51,0,5,1,11,0,1,29,2
453,672,2,915,16,0,5,1,14,2,0,18,2
453,672,2,915,16,0,5,1,14,2,0,38,2
352,570,2,1425,51,0,5,1,0,0,1,48,2
1106,61,2,1710,51,0,1,1,0,0,0,23,2
60,1245,1,1832,51,0,1,1,0,1,1,11,2
511,1232,1,1840,51,0,1,1,0,2,1,16,2
511,1232,1,1840,51,0,1,1,0,2,0,47,2
1101,1069,2,1915,51,0,1,1,0,0,0,49,2
1140,148,1,2040,48,0,1,1,0,0,1,67,2
361,620,1,1850,51,0,1,1,14,2,0,48,2
1505,301,2,1351,51,0,5,1,0,2,1,11,2
617,436,2,2050,51,0,1,1,0,0,1,21,1
861,72,2,610,49,0,1,1,0,0,0,39,2
88,1439,1,2030,23,0,1,1,0,1,1,24,2
1245,207,1,802,5,0,5,1,10,0,1,54,2
1356,1150,2,1455,51,0,5,1,0,0,0,29,2
1109,1017,1,1440,2,0,5,1,0,1,1,79,1
1346,31,3,1725,49,0,1,1,0,0,1,29,2
530,1108,2,1822,51,0,1,1,11,0,1,42,2
489,1157,2,1846,25,0,1,1,11,0,1,48,2
322,1059,2,1220,42,0,5,1,0,0,1,20,2
1415,104,2,1955,14,0,1,1,0,0,0,24,2
1415,104,2,1955,14,0,1,1,0,0,1,49,2
240,1230,2,615,51,0,1,1,11,0,1,58,1
1056,416,2,655,51,0,1,1,10,0,1,23,2
470,770,3,1255,51,0,5,1,5,0,0,18,2
1518,293,2,1500,36,0,5,1,11,0,1,13,2
66,1242,2,750,51,0,5,1,0,2,0,9,2
1172,1131,1,745,2,0,5,1,0,1,1,16,2
389,423,2,1527,51,0,5,1,0,0,0,24,1
1130,1032,1,1714,51,0,1,1,11,2,0,30,2
478,1178,2,1534,51,0,5,1,11,0,1,57,2
1203,42,2,1850,49,0,1,1,0,0,0,24,2
727,296,1,2140,51,0,1,1,12,0,1,38,2
1241,1346,2,2116,51,0,1,1,10,0,1,52,1
213,1350,1,738,51,0,5,1,0,1,0,83,1
226,497,2,2105,51,0,1,1,9,0,1,16,1
240,798,1,1212,51,0,5,1,14,2,0,61,2
519,218,2,1832,6,0,1,1,0,0,0,62,1
519,218,2,1832,6,0,1,1,0,2,0,39,2
1089,248,2,1530,51,0,5,1,9,0,1,27,2
536,762,2,1005,17,0,5,1,0,0,0,31,2
1152,1127,2,1120,43,0,5,1,15,2,0,54,2
157,736,2,1100,51,0,5,1,0,0,0,42,2
1348,1271,4,1810,51,3,1,5,9,0,1,43,2
353,677,1,1705,51,3,1,1,14,2,0,49,2
574,122,1,2025,19,3,1,1,0,0,1,21,2
1559,363,2,718,10,3,1,1,13,0,1,23,2
932,464,1,820,19,3,5,5,15,1,1,12,2
773,1100,2,838,51,3,5,5,11,0,1,24,2
265,509,1,912,39,3,5,5,14,1,1,67,2
0,1500,1,1100,51,3,5,4,0,0,1,27,2
413,380,4,1600,2,0,5,1,0,0,1,49,2
413,380,4,1600,2,0,5,1,11,0,1,54,2
718,686,2,1650,2,0,5,1,10,0,1,54,2
1499,1554,2,330,48,0,0,1,0,0,1,58,2
370,407,1,1033,51,0,5,1,9,1,1,33,2
798,94,2,1554,20,3,5,5,15,0,1,33,2
877,109,2,1615,51,3,5,1,0,0,1,21,2
565,220,2,1630,6,3,5,5,0,0,1,52,2
239,800,1,1719,51,3,1,5,0,1,0,14,1
459,1226,2,1800,25,3,1,5,11,0,1,37,2
280,1272,2,1825,51,0,1,1,0,0,0,26,2
1145,272,1,1925,11,3,1,5,0,2,0,19,1
1145,272,1,1925,11,3,1,5,0,0,1,20,2
1145,272,1,1925,11,3,1,5,0,2,0,17,2
1145,272,1,1925,11,3,1,5,0,2,0,17,2
1145,272,1,1925,11,3,1,5,0,2,0,19,2
232,146,2,610,51,0,1,1,0,0,1,58,2
232,146,2,610,51,0,1,1,13,0,1,26,2
597,472,2,630,51,0,1,1,11,0,1,40,2
1262,435,2,1030,10,0,5,1,0,0,0,28,2
1262,435,2,1030,10,0,5,1,0,2,0,65,2
626,1197,2,1454,51,0,5,1,0,0,1,84,2
1138,939,1,1520,51,0,5,1,9,1,0,7,1
1272,1001,2,1535,51,0,5,1,9,0,1,25,1
1347,185,1,1817,51,0,1,1,13,1,1,37,2
333,57,2,2040,51,0,1,1,9,0,1,42,2
1297,117,1,2257,20,3,2,5,0,0,1,26,1
962,704,2,2345,5,3,1,1,10,0,1,27,2
272,1437,2,654,25,3,1,1,11,0,1,48,1
432,1141,1,5,51,0,1,1,15,2,0,20,2
186,264,1,1330,51,3,5,5,0,1,0,43,1
186,264,1,1330,51,3,5,5,0,1,0,43,1
473,1119,2,715,51,0,1,1,0,2,0,22,2
1410,881,1,1510,7,3,5,5,14,2,0,78,2
1484,537,2,1106,14,0,5,1,9,0,1,22,1
1430,1478,2,1414,2,0,5,1,0,0,1,69,2
1430,1478,2,1414,2,0,5,1,0,2,0,60,2
1247,841,2,1825,51,0,1,1,0,0,1,19,2
1388,35,2,1925,49,0,1,1,0,0,0,38,2
817,770,2,1315,25,0,5,1,14,2,1,81,1
1112,1036,2,1555,51,0,5,1,0,0,0,42,2
1112,1036,2,1555,51,0,5,1,0,2,0,14,2
953,815,2,1705,51,0,1,1,0,0,0,20,2
495,70,3,848,49,0,5,1,0,0,0,39,2
495,70,3,848,49,0,5,1,3,0,1,33,1
949,1395,2,917,5,0,5,1,0,2,0,25,2
667,374,2,1011,51,0,5,1,13,0,1,50,1
444,1259,2,1730,51,0,1,1,10,0,1,72,2
1129,1162,3,1815,51,0,1,1,0,0,0,40,2
720,154,2,812,51,0,5,1,11,0,1,44,2
196,745,2,920,16,0,5,1,0,0,1,54,2
196,745,2,920,16,0,5,1,0,2,1,18,2
507,65,2,1500,49,0,5,1,0,0,1,26,2
794,630,2,1503,51,0,5,1,14,2,0,68,2
794,630,2,1503,51,0,5,1,14,2,0,25,2
564,814,2,1835,51,0,1,1,0,0,0,22,1
564,814,2,1835,51,0,1,1,0,2,0,22,1
383,1329,2,2030,25,0,1,1,11,0,0,30,1
365,616,2,839,51,0,5,1,5,0,1,18,2
756,1223,1,1531,51,0,5,1,0,1,1,12,2
1428,38,2,1745,49,0,1,1,0,0,1,45,2
1108,1174,2,1805,51,0,1,1,0,2,0,1,2
1394,164,3,1700,20,0,1,1,10,0,1,59,2
143,1300,2,2000,17,0,1,1,11,0,1,30,2
21,1473,2,2110,38,0,1,1,0,0,0,18,2
898,969,3,1200,51,0,5,1,0,0,1,43,2
734,1227,1,1245,51,0,5,1,9,0,1,29,2
1364,928,1,1721,12,0,1,1,12,1,1,12,2
689,962,1,2322,25,0,2,1,15,1,1,19,1
119,1190,1,2300,22,3,2,1,15,1,0,65,2
946,610,1,450,51,0,1,1,10,1,1,27,2
924,504,1,1720,51,0,1,1,14,2,1,18,2
270,1436,2,1310,51,0,5,1,11,0,1,49,1
1362,1217,1,2230,51,3,2,1,0,1,1,48,2
552,1006,2,1345,51,0,5,1,11,0,1,21,2
663,468,2,750,51,0,5,1,0,2,1,34,2
1266,750,1,943,51,0,5,1,0,1,0,27,1
836,586,1,1524,51,0,5,1,14,2,1,74,2
1340,1457,2,725,51,0,1,1,0,0,0,29,2
731,349,3,1048,51,0,5,1,11,0,1,19,2
1077,1003,1,1609,51,0,5,1,0,1,1,3,2
299,839,3,1800,51,0,1,1,0,0,0,24,2
435,1375,1,1600,51,0,5,1,0,1,0,11,2
246,797,1,1220,51,0,5,1,0,1,0,18,2
823,669,1,1310,51,0,5,1,0,0,0,37,2
823,669,1,1310,51,0,5,1,0,1,1,30,2
991,807,2,1516,51,0,5,1,15,2,0,36,2
418,651,2,1440,16,0,5,1,9,0,0,39,2
1318,720,2,1520,10,0,5,1,14,2,0,66,2
576,1293,2,1930,51,0,1,1,9,0,1,22,2
601,566,2,1130,51,0,5,1,14,2,0,70,2
601,566,2,1130,51,0,5,1,0,2,0,38,2
601,566,2,1130,51,0,5,1,0,0,1,38,2
1301,216,2,1325,11,0,5,1,0,2,0,8,2
828,684,1,1347,51,0,5,1,14,2,1,79,1
886,649,1,1430,51,0,5,1,14,1,1,51,2
1235,1320,2,1300,51,0,5,1,14,2,0,32,2
1235,1320,2,1300,51,0,5,1,14,2,1,6,2
1235,1320,2,1300,51,0,5,1,14,2,0,33,2
1413,309,2,1325,48,0,5,1,0,0,1,58,1
1413,309,2,1325,48,0,5,1,0,2,0,60,1
1413,309,2,1325,48,0,5,1,13,0,1,32,2
1413,309,2,1325,48,0,5,1,13,2,1,7,2
1413,309,2,1325,48,0,5,1,13,2,0,3,2
1447,209,3,1430,51,0,5,1,0,2,0,35,2
1447,209,3,1430,51,0,5,1,0,2,0,36,2
1447,209,3,1430,51,0,5,1,0,0,0,52,2
1514,1566,2,1200,0,0,5,1,0,0,0,29,2
1260,959,1,2115,51,0,1,1,11,0,1,39,2
908,370,2,1007,5,3,5,5,13,0,1,62,2
576,1282,1,930,51,0,5,1,0,1,0,80,2
1210,917,2,1731,51,0,1,1,0,0,0,29,2
716,401,2,1750,50,3,1,5,0,0,1,29,2
716,401,2,1750,50,3,1,5,0,0,0,38,2
344,1302,1,1455,51,3,5,4,0,1,0,12,2
528,781,3,858,17,0,5,0,11,0,1,45,1
665,1004,2,755,25,3,5,5,11,0,1,51,1
561,514,2,1120,39,3,5,4,15,0,1,22,2
98,1451,2,1620,23,3,5,5,9,0,1,54,1
518,1208,2,1020,51,0,5,1,11,0,0,53,2
804,966,2,1050,51,3,5,4,11,0,0,23,2
325,111,1,1520,32,0,5,1,0,1,1,12,2
214,13,3,1650,30,0,5,1,0,0,0,23,2
214,13,3,1650,30,0,5,1,0,2,1,2,2
1060,483,1,2220,5,0,2,1,0,1,1,32,1
1500,931,2,1018,51,3,5,5,0,0,0,49,1
930,466,2,1324,5,0,5,1,0,2,1,22,2
1181,98,3,1925,48,3,1,1,0,0,1,23,2
1181,98,3,1925,48,3,1,1,0,2,0,24,2
1018,274,2,1340,51,0,5,1,0,0,0,22,2
1018,274,2,1340,51,0,5,1,0,0,0,35,2
170,1089,2,1647,22,0,5,1,0,0,0,37,2
170,1089,2,1647,22,0,5,1,0,2,1,25,2
170,1089,2,1647,22,0,5,1,0,0,1,36,2
170,1089,2,1647,22,0,5,1,0,2,1,6,2
1227,1250,7,1652,51,0,5,1,0,2,0,14,2
70,1454,1,1600,51,0,5,1,10,0,1,50,1
237,1336,2,1540,51,0,5,1,11,0,1,12,2
1381,1258,2,1400,7,0,5,1,0,0,1,58,2
1386,832,1,1845,51,0,1,1,0,1,1,8,1
48,1427,1,1630,23,0,5,1,0,1,1,13,2
1156,1121,2,140,2,0,2,1,0,0,1,39,2
254,1507,2,1634,25,0,5,1,9,0,1,17,1
161,1296,2,639,7,0,1,1,0,0,1,20,2
684,247,2,850,19,0,5,1,11,0,1,17,2
99,1115,1,2141,41,0,2,1,0,0,0,35,2
887,650,1,1318,51,0,5,1,14,1,1,73,1
660,188,2,1513,51,0,5,1,11,0,1,12,2
1551,360,1,1530,10,0,5,1,10,2,0,32,2
712,613,2,1330,51,0,5,1,0,0,0,20,2
1058,198,2,1845,51,0,1,1,0,0,1,31,2
1088,799,3,2042,51,0,1,1,0,0,1,25,2
1105,1138,2,1443,51,0,5,1,11,0,1,6,1
1145,1136,2,1450,43,0,5,1,11,0,1,12,1
1117,1172,2,2105,51,0,2,1,0,0,0,51,2
825,695,1,2256,51,0,2,1,14,1,1,40,2
1535,107,1,205,21,0,1,1,0,0,0,21,2
886,949,2,935,51,0,5,1,11,0,1,37,2
288,90,2,1330,18,0,5,1,0,0,0,22,2
145,788,5,1735,16,0,1,1,0,2,0,16,2
1277,760,2,1115,12,0,5,1,14,2,1,49,2
1277,760,2,1115,12,0,5,1,14,2,0,54,2
1277,760,2,1115,12,0,5,1,14,2,0,32,2
1277,760,2,1115,12,0,5,1,14,2,0,28,2
28,1471,5,1220,17,0,5,1,0,0,1,18,2
28,1471,5,1220,17,0,5,1,0,2,1,73,2
699,947,2,845,25,0,5,1,11,0,0,28,2
1110,972,2,1630,51,0,5,1,11,0,1,6,2
799,147,3,2345,51,0,2,1,0,0,0,58,2
1311,777,2,900,12,0,5,1,11,0,1,64,2
317,1187,2,1540,51,0,5,1,0,0,0,24,2
139,1405,2,914,51,0,5,1,0,0,1,39,2
1214,767,2,1317,51,0,5,1,0,0,1,45,2
308,1341,1,1430,7,0,5,1,0,1,1,25,2
308,1341,1,1430,7,0,5,1,0,2,0,59,2
171,1516,1,1640,25,0,5,1,0,1,0,18,0
171,1516,1,1640,25,0,5,1,0,2,1,31,2
469,365,2,1822,8,0,1,1,0,0,0,50,2
549,43,4,1841,18,0,1,1,0,0,0,48,2
810,588,1,505,51,0,1,1,9,0,1,24,1
900,714,2,1300,51,0,5,1,0,0,0,33,2
907,371,2,1415,5,0,5,1,0,0,0,36,2
907,371,2,1415,5,0,5,1,0,2,0,18,2
455,1472,3,1625,51,3,5,1,13,0,1,39,2
264,505,5,1834,7,3,1,5,0,0,1,19,1
264,505,5,1834,7,3,1,5,0,2,1,18,2
264,505,5,1834,7,3,1,5,0,2,0,17,2
264,505,5,1834,7,3,1,5,0,2,0,19,2
264,505,5,1834,7,3,1,5,0,2,1,25,1
264,505,5,1834,7,3,1,5,0,2,0,20,2
64,1420,2,1830,17,3,1,5,11,0,1,44,1
93,1479,2,1857,51,3,1,5,0,0,0,52,2
93,1479,2,1857,51,3,1,5,0,2,1,33,2
93,1479,2,1857,51,3,1,5,0,0,0,50,2
93,1479,2,1857,51,3,1,5,0,2,0,16,2
93,1479,2,1857,51,3,1,5,0,2,0,16,2
93,1479,2,1857,51,3,1,5,0,2,0,16,2
707,1038,1,2205,51,0,2,1,0,1,1,44,2
308,206,2,1610,50,0,5,1,0,0,1,32,2
308,206,2,1610,50,0,5,1,0,2,0,28,2
204,186,2,1715,8,0,1,1,0,2,1,36,2
204,186,2,1715,8,0,1,1,0,2,0,34,1
204,186,2,1715,8,0,1,1,0,2,0,1,2
1360,1441,2,2200,51,0,0,1,0,0,1,81,1
1102,87,2,2200,51,0,2,1,0,0,0,53,2
1057,718,2,2318,51,0,2,1,0,2,0,83,2
782,810,2,59,25,0,2,1,0,0,1,71,2
782,810,2,59,25,0,2,1,0,2,0,61,2
782,810,2,59,25,0,2,1,0,2,1,60,1
782,810,2,59,25,0,2,1,0,2,0,33,2
782,810,2,59,25,0,2,1,0,2,1,41,2
1458,478,2,1201,51,0,5,1,0,0,0,60,2
1458,478,2,1201,51,0,5,1,0,2,1,62,2
550,333,2,1240,18,0,5,1,0,0,1,65,2
1545,359,2,1410,10,0,5,1,11,0,1,51,2
404,465,3,2100,51,0,1,1,0,0,1,31,2
785,808,2,1210,25,0,5,1,11,0,1,31,1
1403,1204,3,830,12,0,5,1,0,0,1,69,2
1304,621,2,1145,51,0,5,1,9,0,1,26,1
898,968,2,1308,51,0,5,1,0,2,1,22,2
898,968,2,1308,51,0,5,1,0,2,1,4,2
898,968,2,1308,51,0,5,1,0,0,0,24,2
392,1412,2,1430,51,0,5,1,0,2,0,57,2
108,1514,3,1100,51,3,5,5,0,0,0,50,2
108,1514,3,1100,51,3,5,5,0,2,1,37,2
6,1465,2,1313,51,3,5,5,0,0,1,79,2
6,1465,2,1313,51,3,5,5,0,2,0,80,2
1284,32,2,1025,5,3,5,5,0,0,1,56,2
1072,914,3,1100,51,3,5,5,0,0,0,81,2
692,339,1,1417,51,0,5,1,0,1,0,28,2
1196,1490,2,1635,5,3,5,1,0,0,0,29,2
1,1501,2,1655,51,3,5,5,0,0,1,58,1
1,1501,2,1655,51,3,5,5,0,0,0,65,2
12,1493,2,915,4,3,5,5,0,0,0,63,2
620,743,1,2202,51,3,2,5,0,1,1,53,1
1143,9,2,745,48,0,5,1,0,0,1,28,2
1425,653,2,845,43,0,5,1,0,0,1,19,2
958,610,1,930,51,0,5,1,14,2,1,18,2
958,610,1,930,51,0,5,1,14,2,0,18,2
378,605,1,1205,51,0,5,1,0,1,0,28,2
829,791,2,740,51,0,5,1,11,0,1,22,2
416,65,2,1855,18,0,1,1,11,0,1,8,1
1528,246,2,140,51,0,2,1,9,0,1,35,1
115,1090,2,1900,51,0,1,1,0,0,1,32,2
1398,1191,2,1527,7,0,5,1,0,2,0,29,2
289,796,1,1310,51,0,5,1,11,1,1,78,2
504,55,2,1845,18,0,1,1,0,2,0,8,2
936,801,2,1300,51,0,5,1,0,0,0,51,2
559,844,2,1706,47,0,1,1,0,0,1,26,2
645,1244,2,1730,43,0,1,1,11,0,1,40,1
645,1244,2,1730,43,0,1,1,9,0,1,18,2
1358,573,1,1839,51,0,1,1,0,1,1,9,2
194,1383,2,1700,51,0,1,1,0,0,0,18,2
194,1383,2,1700,51,0,1,1,0,2,1,18,2
173,350,2,2055,51,0,2,1,0,0,0,79,2
1445,703,2,16,51,0,2,1,15,2,0,17,2
1445,703,2,16,51,0,2,1,15,2,0,16,2
207,654,3,1327,16,0,5,1,0,0,1,23,2
517,1112,2,1342,25,0,5,1,11,0,0,20,2
1035,1118,2,1538,51,0,5,1,0,2,0,58,2
1319,373,2,1735,51,0,1,1,0,0,1,65,2
1319,373,2,1735,51,0,1,1,0,0,0,22,2
805,564,2,845,51,0,5,1,11,0,1,36,2
1248,835,2,1601,43,0,5,1,0,0,0,51,2
53,1440,1,1731,51,0,1,1,0,1,0,25,2
257,1035,1,1850,51,0,1,1,0,1,0,10,2
382,1321,2,1840,51,0,1,1,11,0,1,20,2
155,932,2,1930,51,0,1,1,0,0,0,26,2
619,230,2,2000,19,0,1,1,11,0,1,41,2
1025,167,2,2209,51,0,2,1,11,0,1,20,2
1041,342,1,820,51,0,5,1,0,1,1,33,2
268,1037,1,1505,51,0,5,1,15,1,1,15,2
315,1224,1,24,47,3,2,5,0,0,1,43,2
777,434,1,2330,50,0,2,1,0,1,1,49,2
516,976,2,2100,51,0,1,1,11,0,1,26,2
46,1423,1,2137,51,0,1,1,0,1,0,11,2
1387,1459,1,730,51,0,1,1,0,1,0,14,2
1255,437,2,1630,10,0,5,1,11,0,1,20,2
1216,774,2,1630,51,0,5,1,11,0,1,11,2
162,913,1,1700,51,0,1,1,0,1,0,4,2
643,446,2,1650,51,0,5,1,0,0,0,29,2
798,597,1,1806,51,0,1,1,14,1,1,24,2
798,597,1,1806,51,0,1,1,14,1,0,25,2
150,899,2,757,42,0,5,1,0,0,1,20,2
150,899,2,757,42,0,5,1,0,0,0,33,2
148,700,2,1055,51,0,5,1,11,0,1,38,2
1560,1056,1,1221,0,0,5,1,4,0,1,23,1
1315,739,2,1435,43,0,5,1,9,0,1,28,1
1238,1000,1,2220,51,0,2,1,0,1,1,6,2
487,1160,3,2345,25,0,2,1,5,0,1,23,2
866,592,1,1945,51,0,1,1,11,1,0,35,2
1107,1173,2,1429,51,0,5,1,0,0,1,43,2
678,1043,1,1520,51,0,5,1,0,1,0,5,1
1557,1518,2,1550,51,0,5,1,11,0,1,43,2
304,424,2,1805,6,0,1,1,0,0,1,43,2
509,622,1,943,51,0,5,1,11,0,1,34,2
509,622,1,943,51,0,5,1,11,1,0,25,2
144,448,1,130,51,0,1,1,0,1,1,37,1
653,1255,2,1820,51,0,1,1,0,0,1,31,2
1497,1558,2,1831,2,0,1,1,4,0,1,45,1
647,387,1,1940,51,0,1,1,0,1,1,8,2
1193,50,4,835,48,3,5,5,0,0,1,46,2
1099,205,1,1045,51,0,5,1,0,1,0,43,2
55,1524,2,720,51,0,1,1,0,0,0,43,2
55,1524,2,720,51,0,1,1,0,2,1,4,2
1170,1165,2,845,51,0,5,1,11,0,1,54,2
1007,599,2,2010,5,0,1,1,0,0,0,26,2
666,368,1,1419,51,0,5,1,0,1,1,92,1
659,242,2,1630,51,0,5,1,11,0,0,45,1
1391,1015,2,1635,12,0,5,1,11,0,1,12,2
1243,1356,2,955,51,0,5,1,0,0,0,36,2
1243,1356,2,955,51,0,5,1,13,0,1,75,2
527,214,2,1053,6,0,5,1,0,0,1,73,2
527,214,2,1053,6,0,5,1,0,2,0,74,2
517,472,3,1555,51,0,5,1,0,0,1,48,2
1437,778,2,1700,51,0,1,1,11,0,1,11,2
1230,1408,3,2142,7,0,2,1,9,0,1,45,1
1230,1408,3,2142,7,0,2,1,9,0,1,39,2
1436,894,2,2201,51,0,2,1,1,0,1,64,2
1131,1092,1,1400,2,0,5,1,0,1,1,23,2
980,576,1,451,19,0,1,1,0,1,0,24,2
216,115,3,1606,15,0,5,1,0,2,0,13,2
216,115,3,1606,15,0,5,1,0,2,1,10,2
216,115,3,1606,15,0,5,1,0,2,0,19,2
216,115,3,1606,15,0,5,1,0,2,0,1,2
179,1126,2,1705,42,0,1,1,0,0,1,17,2
983,790,2,2249,51,0,2,1,9,0,1,23,2
750,271,1,1750,51,0,1,1,0,1,1,20,2
275,77,1,800,30,0,5,1,0,1,1,32,2
63,1545,2,920,24,0,5,1,11,0,0,57,1
373,611,2,1231,51,0,5,1,11,0,1,34,1
1293,1144,2,1602,51,0,5,1,0,2,0,40,2
871,388,2,1650,50,0,5,1,10,0,1,44,2
1063,1183,2,750,43,0,5,1,11,0,1,28,2
403,918,2,1710,23,0,1,1,11,0,1,33,2
1225,91,2,740,5,0,5,1,0,0,1,18,2
1359,912,2,1230,51,0,5,1,0,0,0,45,2
1440,1084,2,1900,51,0,1,1,11,0,0,59,1
761,671,1,1305,51,0,5,1,14,2,0,50,2
433,338,2,845,6,0,5,1,11,0,1,37,2
285,525,2,1732,51,0,1,1,4,0,1,18,2
922,438,2,1430,51,0,5,1,0,0,0,42,2
922,438,2,1430,51,0,5,1,0,2,0,12,2
1135,268,1,2125,5,0,1,1,0,0,1,23,2
1135,268,1,2125,5,0,1,1,0,2,0,18,2
1135,268,1,2125,5,0,1,1,0,2,1,24,2
496,490,2,1135,39,0,5,1,14,2,0,54,2
496,490,2,1135,39,0,5,1,14,2,0,33,2
422,634,2,1554,51,0,5,1,11,0,0,7,2
407,659,2,1635,16,0,5,1,11,0,1,27,2
1371,1318,2,800,51,0,5,1,11,0,1,50,2
1400,81,2,1905,14,0,1,1,0,0,1,63,2
1400,81,2,1905,14,0,1,1,0,0,1,36,2
1355,1351,2,1715,2,0,1,1,0,0,0,42,1
999,428,2,1052,5,3,5,3,0,0,0,33,2
999,428,2,1052,5,3,5,3,0,0,0,33,2
999,428,2,1052,5,3,5,3,0,2,0,62,2
1261,432,2,1301,10,0,5,1,0,0,1,49,2
807,1536,2,1602,51,0,5,1,10,0,1,31,2
1073,960,1,830,51,0,5,1,0,1,1,9,2
185,1515,2,917,23,0,5,1,14,2,0,23,2
273,493,1,1122,6,3,5,1,0,0,1,18,2
466,282,2,1250,6,0,5,1,0,0,0,27,2
466,282,2,1250,6,0,5,1,0,2,0,1,2
431,637,2,1530,51,3,5,1,11,0,0,8,2
591,536,2,800,2,3,5,5,0,0,0,27,2
648,195,2,413,51,3,4,5,0,0,0,37,2
1327,258,2,900,48,3,5,5,0,0,0,25,2
58,1469,2,1130,51,0,5,1,11,0,1,15,2
1530,1513,1,2240,0,3,0,5,0,0,1,63,2
90,953,4,2330,51,3,2,1,0,0,1,27,2
90,953,4,2330,51,3,2,1,0,2,0,23,1
891,384,3,932,19,0,5,1,13,0,1,58,2
896,613,2,1716,51,0,1,1,14,2,1,40,2
1154,129,2,1230,48,0,5,1,0,0,0,33,2
1324,1253,2,1315,51,0,5,1,13,2,1,33,2
1469,291,1,1530,51,0,5,1,6,1,0,5,2
839,369,2,1952,19,0,1,1,11,0,1,36,2
712,1372,1,2114,7,0,1,1,0,0,1,26,2
368,527,2,2130,39,3,2,1,0,0,1,19,2
975,567,2,530,51,0,1,1,10,0,0,27,1
554,853,2,816,51,0,5,1,9,0,1,26,2
1051,701,3,1329,51,0,5,1,0,0,1,23,2
1051,701,3,1329,51,0,5,1,0,2,1,21,1
1051,701,3,1329,51,0,5,1,0,0,0,60,2
883,627,1,1430,51,0,5,1,14,1,1,63,2
928,396,2,1445,51,0,5,1,0,0,0,42,2
928,396,2,1445,51,0,5,1,0,2,0,3,2
1226,697,2,1546,12,0,5,1,0,0,1,54,2
475,658,2,816,51,3,5,1,11,0,0,26,2
826,708,2,855,51,0,5,1,11,0,0,25,2
1037,819,2,1610,51,0,5,1,11,0,1,23,2
395,1445,1,400,25,3,0,1,0,0,1,26,1
732,698,2,1221,51,0,5,1,11,0,0,24,2
725,499,1,1025,51,0,5,1,13,1,1,45,2
1236,1252,2,1921,51,0,1,1,0,0,0,21,2
1236,1252,2,1921,51,0,1,1,0,2,1,20,2
5,1503,1,1950,51,0,1,1,0,1,1,11,2
879,516,2,759,51,3,5,1,11,0,1,33,2
570,1248,2,1651,51,3,5,1,9,0,0,40,1
374,1326,2,2050,25,3,2,5,0,0,0,33,1
679,1365,2,2213,7,3,2,5,0,0,1,39,1
86,1466,1,100,51,3,0,1,0,2,0,17,2
540,189,1,300,19,3,2,1,0,0,1,23,2
1151,1125,2,445,43,0,2,1,15,0,1,53,2
1151,1125,2,445,43,0,2,1,15,2,0,24,2
277,1193,2,1425,51,0,5,1,11,0,1,50,1
578,480,1,2215,15,3,2,1,0,1,1,58,1
776,419,2,1145,50,0,5,1,0,0,1,51,2
203,1387,3,14,51,0,1,1,0,0,1,37,2
895,690,1,1635,51,0,5,1,15,1,1,27,2
505,83,2,1853,19,0,1,1,0,0,1,22,2
505,83,2,1853,19,0,1,1,13,0,1,45,2
505,83,2,1853,19,0,1,1,13,2,1,17,2
1536,144,2,2352,21,0,2,1,0,0,1,22,2
1572,364,2,600,51,0,1,1,11,0,1,62,2
753,641,1,815,51,0,5,1,0,1,1,46,2
528,848,1,2209,51,0,2,1,14,2,1,32,2
592,779,2,1445,51,0,5,1,0,0,0,41,2
592,779,2,1445,51,0,5,1,0,0,1,18,2
592,779,2,1445,51,0,5,1,0,2,1,18,2
445,1362,3,1756,7,0,1,1,0,0,0,61,2
445,1362,3,1756,7,0,1,1,0,0,0,35,2
846,489,2,1000,51,0,5,1,0,0,1,32,2
236,1310,4,1716,7,3,1,5,13,0,1,29,2
191,1144,2,1837,51,0,1,1,0,0,0,59,2
191,1144,2,1837,51,0,1,1,0,2,0,82,2
306,85,2,1945,51,0,1,1,0,2,0,6,2
306,85,2,1945,51,0,1,1,0,2,0,21,2
658,321,2,2030,51,0,1,1,0,0,1,25,2
354,565,1,1158,51,3,5,5,14,1,1,2,2
1342,178,1,1230,51,0,5,1,15,1,0,84,1
572,123,2,1800,19,0,1,1,4,0,1,27,2
579,475,1,102,15,3,2,1,0,0,0,23,2
1325,1274,2,1034,51,0,5,1,14,2,0,53,2
1482,445,2,1752,10,0,1,1,10,0,0,50,2
30,1529,2,1625,51,3,5,1,0,2,0,1,2
856,563,1,341,51,0,2,1,0,1,0,19,2
387,1334,2,1900,7,0,1,1,0,0,1,41,2
858,558,1,303,51,0,2,1,15,1,1,50,2
922,610,2,1300,51,0,5,1,11,0,1,32,1
274,417,1,825,51,0,5,5,15,2,0,27,2
1438,706,2,1520,10,0,5,1,0,0,1,35,2
1072,1042,2,1754,51,0,1,1,1,0,1,23,2
369,372,2,1700,2,0,1,1,11,0,1,46,2
513,960,2,1130,51,0,5,1,9,0,1,31,2
178,821,2,2018,51,3,1,1,11,0,1,29,2
152,822,1,630,16,3,1,5,0,0,0,27,2
152,822,1,630,16,3,1,5,0,2,0,19,1
857,560,1,815,51,0,5,1,0,1,0,10,1
1022,528,2,935,5,3,5,5,13,0,1,29,2
1104,270,1,1555,50,0,5,1,13,0,1,25,2
501,902,2,1730,51,0,1,1,11,0,1,23,2
1306,761,2,1905,43,0,1,1,1,0,0,13,2
187,156,2,2000,8,0,1,1,0,0,1,39,2
187,156,2,2000,8,0,1,1,0,2,1,16,2
187,156,2,2000,8,0,1,1,0,2,0,17,2
607,1430,2,2100,51,0,1,1,11,0,1,31,2
294,1096,2,1405,42,3,5,5,10,0,1,57,2
838,418,1,630,19,3,1,1,0,0,1,49,2
1263,1212,2,1110,51,0,5,1,0,0,0,26,2
1263,1212,2,1110,51,0,5,1,13,0,1,45,2
1263,1212,2,1110,51,0,5,1,13,2,1,45,2
1168,1146,2,1230,51,0,5,1,0,2,1,41,2
533,323,1,1336,15,0,5,1,0,1,1,74,1
39,1542,2,1415,51,0,5,1,11,0,1,21,1
1310,1210,2,1605,2,0,5,1,11,0,1,9,1
135,1308,2,1646,17,0,5,1,0,0,0,36,2
603,494,2,1734,2,0,1,1,0,2,1,26,2
603,494,2,1734,2,0,1,1,0,2,0,38,2
292,89,2,1820,18,0,1,1,0,0,0,24,2
292,89,2,1820,18,0,1,1,0,2,0,26,1
292,89,2,1820,18,0,1,1,0,0,0,36,2
1218,100,2,1912,5,0,1,1,0,0,1,47,2
68,1268,2,1733,51,0,1,1,0,0,1,51,2
1460,1522,2,750,2,0,5,1,11,0,0,47,2
702,944,2,830,25,0,5,1,11,0,1,30,1
337,175,2,900,51,0,5,1,0,0,0,21,2
1525,885,2,1310,48,0,5,1,8,0,1,61,1
1197,668,2,1445,12,0,5,1,11,0,1,52,2
84,766,2,1625,51,0,5,1,0,0,0,30,2
84,766,2,1625,51,0,5,1,0,0,1,34,2
1393,1291,2,1846,51,0,1,1,0,0,0,31,2
1456,556,1,539,7,0,1,1,0,0,1,24,2
543,358,4,726,50,0,1,1,13,0,1,47,2
543,358,4,726,50,0,1,1,0,0,0,38,2
1455,557,2,955,7,0,5,1,0,0,0,39,2
615,577,3,1015,3,0,5,1,0,0,1,31,2
215,890,2,1030,22,0,5,1,0,0,0,56,2
1418,929,2,1040,7,0,5,1,0,0,1,83,2
1418,929,2,1040,7,0,5,1,0,2,0,75,2
120,579,2,1250,51,0,5,1,14,2,0,86,2
641,234,3,1530,51,0,5,1,9,0,0,41,2
817,1062,3,1855,51,3,1,5,0,0,0,35,2
817,1062,3,1855,51,3,1,5,0,0,1,36,2
817,1062,3,1855,51,3,1,5,0,0,0,57,2
918,341,3,1420,50,0,5,1,0,2,0,23,2
448,1251,1,1523,25,0,5,1,14,2,0,3,2
684,1366,2,1718,7,0,5,1,0,0,0,31,2
1570,982,3,1500,24,0,5,1,10,0,1,60,2
1480,439,2,1515,14,0,5,1,11,0,1,57,2
111,1475,2,1623,23,0,5,1,4,0,1,50,2
417,523,2,2340,39,0,2,1,11,0,1,27,2
1054,603,2,2000,51,0,1,1,9,0,1,28,1
1004,744,3,1700,51,0,1,1,0,2,1,30,1
1274,752,2,1720,12,0,1,1,11,0,1,21,2
785,69,2,2145,49,3,2,1,0,2,1,20,2
785,69,2,2145,49,3,2,1,8,2,1,49,2
491,1161,1,1210,51,0,5,1,13,1,1,46,2
9,1497,2,1600,17,0,5,1,11,0,0,51,1
1006,1114,2,1700,51,0,1,1,11,0,1,38,1
762,675,2,800,51,0,5,1,10,0,1,50,1
15,1463,2,1505,4,0,5,1,9,0,1,18,2
1194,1030,1,1724,51,0,1,1,4,1,1,7,2
429,886,3,1715,17,0,1,1,11,0,1,23,1
151,898,2,1835,42,0,1,1,0,2,1,8,2
243,718,2,1840,51,0,1,1,11,0,0,39,2
869,6,2,1220,18,0,5,1,0,0,0,24,2
636,231,2,1330,51,0,5,1,0,0,0,38,2
636,231,2,1330,51,0,5,1,0,2,1,6,2
357,554,2,1900,51,0,1,1,9,0,1,55,1
547,203,2,1032,19,3,5,1,0,0,0,35,2
546,202,2,1058,51,0,5,1,0,0,0,47,2
1323,1270,2,1446,51,3,5,1,0,0,0,34,2
622,663,2,1600,51,0,5,3,10,0,1,44,2
1205,49,2,1040,49,0,5,1,0,2,0,83,2
1563,1219,2,1136,0,0,5,1,10,0,1,57,2
1161,475,2,1358,51,0,5,1,15,1,1,12,2
49,755,2,2300,51,0,2,1,0,0,1,22,1
128,134,1,1134,18,0,5,0,0,0,1,68,2
952,1137,1,1345,51,0,5,1,0,0,1,36,2
952,1137,1,1345,51,0,5,1,0,2,0,13,2
952,1137,1,1345,51,0,5,1,0,2,0,12,2
952,1137,1,1345,51,0,5,1,0,2,0,12,2
1081,357,2,1428,11,0,5,1,0,0,1,30,2
1081,357,2,1428,11,0,5,1,0,2,1,40,2
955,543,2,1745,51,0,1,1,0,2,0,25,2
628,71,3,1520,49,0,5,1,8,0,1,43,2
772,278,2,1900,51,0,1,1,0,0,1,37,2
697,681,1,2304,3,3,2,5,0,0,0,19,1
176,135,1,1700,8,0,1,1,0,1,0,18,2
1489,1498,1,1615,51,0,5,1,1,1,1,30,2
1457,484,2,1245,51,0,5,1,0,0,0,71,2
602,285,3,1750,51,0,1,1,0,2,1,5,2
1270,717,2,905,51,3,5,4,0,0,1,59,2
747,1380,1,936,7,0,5,1,14,2,0,79,2
914,765,1,1515,51,0,5,1,14,2,1,30,2
1086,1122,1,1722,51,0,1,1,0,1,1,32,1
132,945,3,1707,51,0,1,1,0,0,0,45,2
793,594,1,1700,51,0,1,1,6,1,1,31,1
682,328,2,2030,51,0,2,1,9,0,1,23,1
729,1403,2,900,51,0,5,1,11,0,1,57,2
1538,1488,4,1609,0,0,5,1,0,0,1,23,2
1397,1188,2,1729,12,0,1,1,10,0,1,26,1
1504,1546,2,1853,51,0,1,1,0,2,0,77,2
802,1221,2,1000,51,0,5,1,0,0,0,39,2
1116,882,2,930,51,0,5,1,2,0,1,40,2
311,1229,2,645,51,0,1,1,0,0,0,40,2
328,113,2,1346,33,0,5,1,11,0,1,45,2
951,1397,1,1402,51,0,5,1,0,1,0,93,2
1534,1496,3,1437,0,0,5,1,0,0,0,27,2
1534,1496,3,1437,0,0,5,1,0,2,0,6,2
638,1402,2,1639,51,0,5,1,11,0,1,11,2
1498,1561,1,2257,44,0,2,1,15,1,1,21,2
351,249,2,615,8,0,1,1,10,0,1,46,1
1027,1075,1,2145,51,0,2,1,0,1,1,62,2
1372,1350,2,801,51,0,5,1,0,0,1,48,2
377,245,2,1556,50,0,5,1,0,2,0,16,2
377,245,2,1556,50,0,5,1,0,0,0,35,2
377,245,2,1556,50,0,5,1,0,2,1,13,2
848,837,2,1835,3,0,1,1,0,0,1,37,2
848,837,2,1835,3,0,1,1,0,0,1,64,2
848,837,2,1835,3,0,1,1,0,2,0,60,2
107,1211,2,2118,22,0,1,1,0,0,1,38,2
112,842,2,932,42,0,5,1,0,0,1,34,2
112,842,2,932,42,0,5,1,0,0,1,53,2
1562,1240,2,1020,0,0,5,1,0,0,0,56,2
1562,1240,2,1020,0,0,5,1,0,2,1,60,2
553,996,2,1230,51,0,5,1,14,2,0,70,2
477,1177,2,1938,25,0,1,1,5,0,1,19,2
905,1083,2,1610,5,0,5,1,0,2,1,57,2
905,1083,2,1610,5,0,5,1,0,2,0,51,2
14,1461,2,1110,4,3,5,1,0,0,0,60,2
970,733,2,1224,5,0,5,1,11,0,1,21,2
629,598,2,1259,51,0,5,1,0,0,1,34,2
325,1054,1,1435,51,0,5,1,0,1,1,40,2
434,386,3,1808,2,0,1,1,0,0,1,40,2
434,386,3,1808,2,0,1,1,0,2,0,34,2
1166,54,2,1727,48,0,1,1,0,0,0,20,2
1401,82,1,1820,14,0,1,1,6,1,1,32,2
1412,907,2,1220,7,0,5,1,0,2,0,10,2
1382,1256,1,1630,7,0,5,1,0,1,1,22,1
652,240,2,1940,19,0,1,1,10,0,1,46,2
1151,1124,2,2000,51,0,1,1,0,0,0,26,2
1229,215,2,840,5,0,5,1,0,0,1,41,2
1229,215,2,840,5,0,5,1,0,2,0,14,2
1229,215,2,840,5,0,5,1,0,2,0,11,2
1435,1487,1,1525,2,0,5,1,0,2,1,14,2
1208,1117,4,1800,2,0,1,1,0,2,1,16,1
1208,1117,4,1800,2,0,1,1,0,2,0,12,2
1208,1117,4,1800,2,0,1,1,0,2,0,35,2
1208,1117,4,1800,2,0,1,1,0,2,0,45,2
1208,1117,4,1800,2,0,1,1,0,2,0,55,2
1066,973,2,2256,51,3,2,1,0,0,1,27,2
1066,973,2,2256,51,3,2,1,0,2,1,15,2
1512,404,2,647,10,3,1,1,11,0,1,39,2
715,163,4,1600,51,0,5,1,0,2,0,21,2
715,163,4,1600,51,0,5,1,0,2,0,2,2
859,633,2,1000,51,0,5,1,1,0,1,36,2
1263,133,1,1630,51,0,5,1,13,1,1,7,2
1053,433,2,810,51,3,5,5,11,0,0,32,2
1370,329,2,1553,48,0,5,1,0,0,1,27,2
1178,1171,2,2000,51,0,2,1,11,0,1,22,2
1444,977,1,2130,51,0,2,1,0,0,1,31,2
1018,152,2,825,51,3,5,5,0,0,1,26,2
367,370,2,1245,6,0,5,1,0,0,1,26,2
1477,453,2,750,10,0,5,1,11,0,0,53,2
562,345,2,1152,15,0,5,1,0,0,0,51,2
1139,326,2,1313,11,0,5,1,9,0,1,23,1
710,355,2,1414,51,0,5,1,9,0,1,21,2
971,1400,1,1440,7,0,5,1,9,0,1,20,1
1171,1093,2,1636,51,0,5,1,0,2,0,10,2
1171,1093,2,1636,51,0,5,1,0,2,0,7,2
1012,30,2,1717,51,0,1,1,0,0,0,29,2
1503,639,1,2000,14,0,2,1,0,2,0,20,2
740,412,2,2338,50,3,2,1,0,2,0,25,2
740,412,2,2338,50,3,2,1,15,0,1,33,2
1429,1164,2,627,51,3,1,1,0,2,1,19,2
567,409,2,1043,15,3,5,1,0,0,1,21,1
567,409,2,1043,15,3,5,1,0,0,1,44,2
567,409,2,1043,15,3,5,1,0,2,0,10,2
398,266,1,1255,50,3,5,5,0,2,0,64,1
672,389,2,1456,51,0,5,1,0,0,1,39,2
672,389,2,1456,51,0,5,1,0,0,1,29,2
984,801,2,1600,5,3,5,5,10,0,1,52,2
72,845,2,1747,16,0,1,1,11,0,1,48,2
642,288,2,1915,51,0,1,1,0,2,0,52,2
339,1075,2,440,17,0,2,1,0,0,1,50,2
339,1075,2,440,17,0,2,1,0,2,1,22,2
339,1075,2,440,17,0,2,1,0,2,1,24,2
452,826,1,1338,51,0,5,1,0,2,0,37,2
301,1081,2,1900,51,3,1,1,0,0,0,54,1
1320,244,1,511,48,3,2,5,0,0,1,42,2
201,1538,5,1525,23,0,5,1,0,0,1,62,2
201,1538,5,1525,23,0,5,1,15,0,1,37,2
689,702,1,1015,51,0,5,1,14,2,0,70,2
615,676,2,1430,17,0,5,1,11,0,1,29,2
1079,970,2,1715,51,0,1,1,11,0,1,37,2
312,1073,2,1815,42,0,1,1,11,0,1,58,2
350,399,2,815,51,0,5,1,11,0,1,17,2
656,318,1,1000,51,0,5,1,0,1,0,78,1
1291,791,1,1115,51,0,5,1,14,2,0,82,1
1278,1265,2,1346,51,0,5,1,9,0,1,36,1
1389,795,3,1530,51,0,5,1,11,0,1,14,2
266,78,2,1745,48,3,1,5,0,0,0,25,2
1317,724,2,1815,43,0,1,1,11,0,1,38,1
797,517,1,1730,51,0,1,1,14,2,0,55,2
748,632,1,745,51,0,5,1,11,1,0,43,2
229,541,2,1500,6,0,5,1,11,0,1,13,2
1467,24,2,1545,35,0,5,1,11,0,1,39,1
129,1046,2,1015,51,0,5,1,0,2,0,27,2
129,1046,2,1015,51,0,5,1,0,2,0,21,2
27,1533,2,1400,25,0,5,1,0,0,1,74,2
1486,793,2,600,48,0,1,1,8,0,1,36,2
1486,793,2,600,48,0,1,1,0,2,1,32,2
1095,988,1,1733,2,0,1,1,0,1,1,27,1
691,0,2,1107,51,0,5,1,0,0,0,37,2
691,0,2,1107,51,0,5,1,0,0,0,50,2
1378,924,1,1323,51,0,5,1,9,0,1,22,1
1378,924,1,1323,51,0,5,1,9,1,0,30,1
920,1016,1,1545,51,0,5,1,9,0,1,78,1
1395,1195,2,1630,51,0,5,1,0,0,0,45,2
345,155,2,1828,51,0,1,1,0,0,1,37,2
979,1041,2,1825,51,3,1,1,11,0,1,69,2
1539,1295,1,1158,51,0,5,1,0,0,1,17,2
1548,551,2,1235,21,0,5,1,0,2,0,25,2
851,820,1,2045,51,0,2,1,0,1,1,32,2
683,777,2,825,51,3,5,5,0,1,1,54,1
1414,864,1,1850,51,0,1,1,7,1,0,86,2
985,615,2,1220,51,0,5,1,14,2,0,53,2
1232,707,2,2020,12,0,1,1,4,0,1,23,2
183,393,1,5,51,3,2,1,0,0,1,20,2
476,888,1,1255,51,0,5,1,15,2,0,39,2
404,1097,2,1628,51,0,5,1,0,0,1,37,2
300,1367,1,1600,51,3,5,1,9,0,0,20,2
441,938,1,1802,51,3,2,5,11,0,0,62,1
1510,1560,1,1909,47,0,2,1,0,1,1,16,2
717,685,3,2025,51,0,2,1,0,0,1,27,2
1146,1116,1,2035,2,3,2,1,0,0,0,33,2
893,691,2,1255,51,0,5,1,11,0,1,23,2
915,860,4,120,2,3,4,1,0,2,1,23,1
278,990,2,849,51,3,5,1,0,0,0,55,2
278,990,2,849,51,3,5,1,0,2,0,33,2
278,990,2,849,51,3,5,1,0,2,0,32,2
779,281,2,900,19,0,5,1,11,0,1,50,2
1303,909,2,1134,51,0,5,1,13,0,1,24,2
979,1040,2,1331,51,0,5,1,0,0,1,27,2
1217,1274,2,1510,51,0,5,1,0,0,0,38,2
451,867,2,901,51,0,5,1,11,0,1,46,2
582,546,2,1020,2,0,5,1,0,0,1,55,2
1515,456,1,900,51,0,5,1,0,1,0,37,2
404,919,2,1310,17,0,5,1,11,0,1,24,2
1569,352,2,1348,10,0,5,1,0,0,1,72,2
1569,352,2,1348,10,0,5,1,0,0,1,39,2
1569,352,2,1348,10,0,5,1,0,2,0,27,1
1569,352,2,1348,10,0,5,1,0,2,1,31,2
1569,352,2,1348,10,0,5,1,0,2,0,32,2
1569,352,2,1348,10,0,5,1,0,2,1,26,2
892,673,2,1045,51,0,5,1,0,0,1,35,2
202,1393,2,1630,51,0,5,1,0,0,0,30,2
51,818,1,2023,16,3,2,5,0,1,1,30,2
1380,728,1,815,51,0,5,1,11,0,1,15,2
1335,666,2,1218,43,0,5,1,0,2,0,67,2
1335,666,2,1218,43,0,5,1,0,2,0,26,2
717,335,2,1510,51,0,5,1,11,0,1,47,2
605,683,2,1615,51,0,5,1,0,0,1,38,2
1463,530,2,1040,7,0,5,1,0,0,0,46,2
1463,530,2,1040,7,0,5,1,0,0,0,29,2
827,712,1,1030,51,0,5,1,14,2,0,49,2
1424,1072,2,800,51,0,5,1,0,0,0,22,2
1124,900,2,1600,51,0,5,1,11,0,1,51,2
1516,1563,2,1630,0,0,5,1,0,2,0,81,2
618,500,2,1002,2,0,5,1,14,2,0,58,2
618,500,2,1002,2,0,5,1,14,2,0,54,2
618,500,2,1002,2,0,5,1,14,2,0,45,2
618,500,2,1002,2,0,5,1,14,2,1,1,2
167,884,2,2050,51,0,2,1,11,0,1,27,2
904,738,2,100,3,0,2,1,15,2,1,21,2
526,872,3,2106,51,0,2,1,9,2,1,27,1
116,1480,2,1130,23,0,5,1,10,0,1,54,1
1207,1378,2,1625,51,0,5,1,0,0,0,49,2
1207,1378,2,1625,51,0,5,1,0,2,1,62,2
770,1523,1,624,51,3,1,5,0,0,1,32,2
621,237,2,840,51,3,5,5,0,0,0,31,2
61,1453,2,945,51,3,5,5,0,0,0,32,2
320,1068,2,1130,51,3,5,5,13,0,1,20,2
341,1520,2,1740,24,0,1,1,0,0,0,52,2
56,1429,2,820,17,0,5,1,11,0,1,51,2
983,1184,2,830,51,0,5,1,11,0,0,26,1
1378,1149,2,800,51,0,5,1,11,0,1,13,2
1198,940,4,1445,43,0,5,1,0,0,1,41,2
1198,940,4,1445,43,0,5,1,0,2,0,34,2
1421,903,1,1456,51,0,5,1,0,1,1,11,2
1196,92,2,1650,48,0,5,1,0,0,0,29,2
1087,481,2,1654,51,0,5,1,11,0,1,17,2
181,1053,2,1905,51,0,2,1,0,0,0,26,2
245,1215,2,825,17,0,5,1,11,0,1,42,2
791,120,2,1150,51,0,5,1,11,0,1,65,2
1223,1505,2,1515,5,0,5,1,0,0,0,76,2
1223,1505,2,1515,5,0,5,1,0,0,0,45,2
1532,1565,1,2255,28,3,0,5,0,0,1,53,2
674,792,2,815,51,3,5,1,11,0,1,43,2
1409,202,2,850,51,0,5,1,10,0,1,24,1
220,1286,2,1040,51,0,5,1,0,0,0,29,2
1094,1082,1,1530,51,0,5,1,0,1,1,62,1
142,887,1,1821,51,0,1,1,0,1,1,46,2
524,963,2,1844,51,0,2,1,11,0,1,19,1
703,946,2,836,25,3,5,1,11,0,1,18,2
172,1018,2,937,51,3,5,5,9,0,1,23,2
834,343,2,1420,19,0,5,1,11,0,1,25,2
1174,1128,2,1555,2,0,5,1,11,0,1,11,2
888,1317,2,1500,5,0,5,1,4,0,1,64,2
238,782,1,155,51,0,2,1,0,0,1,25,2
601,1080,1,210,25,0,2,1,15,1,0,20,2
623,1057,2,1615,25,0,5,1,0,0,1,23,2
1553,1385,4,1215,0,0,5,1,0,2,0,23,2
1001,1209,2,1409,51,0,5,1,14,2,0,39,1
1526,377,1,1430,10,3,5,5,10,0,1,44,2
766,789,2,130,51,0,2,1,15,2,0,21,2
766,789,2,130,51,0,2,1,15,2,1,22,2
766,789,2,130,51,0,2,1,15,2,1,21,2
766,789,2,130,51,0,2,1,15,2,1,18,2
539,211,2,1245,6,0,5,1,0,0,0,61,1
539,211,2,1245,6,0,5,1,0,2,0,23,2
1220,102,2,1859,5,0,2,1,0,0,0,47,2
1220,102,2,1859,5,0,2,1,0,2,1,41,2
1220,102,2,1859,5,0,2,1,0,2,0,71,2
83,974,1,1930,51,0,2,1,13,1,1,88,1
225,922,2,2232,51,0,2,1,0,0,1,58,2
1181,1419,1,2229,51,3,2,1,0,1,0,14,1
604,1071,2,900,51,0,5,1,11,0,0,38,1
188,166,2,745,18,0,5,1,13,0,0,55,2
32,1553,1,825,51,0,5,1,0,1,0,81,1
937,718,3,1740,13,0,1,1,15,2,0,11,2
138,1415,1,2020,51,3,0,5,0,0,1,22,2
138,1415,1,2020,51,3,0,5,0,2,0,49,2
1185,51,2,2345,48,0,2,1,0,2,1,19,2
1185,51,2,2345,48,0,2,1,0,2,0,17,2
1185,51,2,2345,48,0,2,1,0,2,0,42,2
1465,277,1,930,51,0,5,1,0,0,1,33,2
1338,661,1,800,10,0,5,1,14,2,1,14,2
1338,661,1,800,10,0,5,1,14,2,1,14,2
581,1257,2,200,51,0,1,1,15,2,0,52,2
581,1257,2,200,51,0,1,1,15,2,0,78,2
439,459,3,1150,51,0,5,1,0,2,1,57,2
749,694,1,1249,51,0,5,1,14,1,1,38,2
675,295,2,1800,51,0,1,1,0,0,0,52,2
800,1086,3,1735,51,0,1,1,4,0,1,41,2
1015,273,2,1700,51,0,1,1,11,0,1,20,2
224,606,2,2202,51,3,2,1,9,0,1,20,1
1175,1158,2,1510,51,3,5,1,0,0,1,41,2
992,698,3,755,13,0,5,1,0,0,0,38,2
992,698,3,755,13,0,5,1,0,0,1,56,2
992,698,3,755,13,0,5,1,0,2,0,53,2
954,708,5,848,13,0,5,1,0,0,0,52,2
929,380,2,1630,5,0,5,1,0,0,0,47,2
929,380,2,1630,5,0,5,1,0,2,1,41,2
1523,736,2,1412,14,0,5,1,0,0,1,86,2
1466,513,3,1950,10,0,1,1,0,0,0,48,2
1466,513,3,1950,10,0,1,1,0,0,1,64,2
705,398,1,1800,50,3,1,1,14,2,0,35,1
1280,201,1,754,51,0,5,1,0,1,0,13,2
759,732,1,1720,51,3,1,5,11,1,0,62,1
1431,298,2,1025,48,0,5,1,0,0,1,49,2
1396,20,2,1910,19,0,1,1,11,0,0,43,2
1049,1549,1,1302,5,0,5,1,9,0,1,36,2
1565,1235,1,1627,0,0,5,1,0,0,1,24,2
1067,975,2,1736,2,0,2,1,11,0,1,38,2
655,193,2,148,51,0,2,1,0,0,1,39,1
655,193,2,148,51,0,2,1,15,0,1,41,2
1211,941,1,1410,51,0,5,1,0,1,0,8,2
355,1186,2,1541,51,0,5,1,9,0,1,26,1
841,382,1,1550,19,0,5,1,0,1,0,13,2
1044,670,2,1700,51,0,1,1,15,0,1,31,2
1044,670,2,1700,51,0,1,1,15,2,0,20,2
1044,670,2,1700,51,0,1,1,15,2,0,24,2
849,7,1,1749,18,0,1,1,0,1,0,22,2
1085,469,2,1755,5,0,1,1,0,0,1,20,2
1085,469,2,1755,5,0,1,1,0,0,0,23,2
551,334,2,2245,15,0,2,1,0,0,1,28,2
944,609,1,820,51,0,5,1,14,1,0,22,2
944,609,1,820,51,0,5,1,14,0,1,49,2
874,723,1,1418,51,0,5,1,0,0,0,48,2
1566,1535,2,1440,51,0,5,1,0,0,0,57,2
1566,1535,2,1440,51,0,5,1,0,0,0,37,2
166,1288,3,1823,51,0,1,1,0,0,0,21,2
166,1288,3,1823,51,0,1,1,0,0,1,28,2
166,1288,3,1823,51,0,1,1,0,0,1,35,2
63,1452,2,1905,51,0,1,1,0,2,0,21,2
1115,883,1,815,51,0,5,1,0,1,1,48,2
420,1519,2,1146,24,0,5,1,0,0,0,86,2
424,1280,2,1320,25,0,5,1,11,0,0,42,1
1092,984,2,1915,2,0,2,1,0,0,1,58,2
595,1087,2,740,25,0,5,1,11,0,1,24,2
563,520,2,1015,39,0,5,1,6,2,1,31,2
307,169,3,1313,51,3,5,1,0,0,0,35,2
307,169,3,1313,51,3,5,1,0,0,1,29,2
307,169,3,1313,51,3,5,1,0,2,0,42,2
933,1055,2,1445,51,0,5,1,0,0,1,31,2
475,892,2,1530,51,0,5,1,0,0,1,40,2
475,892,2,1530,51,0,5,1,0,2,1,20,2
475,892,2,1530,51,0,5,1,0,2,1,20,2
297,88,1,1600,18,3,5,5,5,0,1,18,2
624,1056,1,1627,25,3,5,5,0,1,0,20,2
1002,1159,2,1650,51,0,5,1,14,2,0,75,2
1002,1159,2,1650,51,0,5,1,14,2,0,27,2
436,327,2,1630,8,0,5,1,0,0,1,44,2
1080,1243,1,1950,51,3,2,1,0,0,1,29,2
1080,1243,1,1950,51,3,2,1,0,2,1,26,2
1080,1243,1,1950,51,3,2,1,0,2,1,25,2
18,1539,1,2030,25,0,1,1,15,2,0,19,2
18,1539,1,2030,25,0,1,1,15,2,0,18,2
1258,957,3,1440,51,0,5,1,0,0,1,83,2
982,76,2,1733,49,0,1,1,0,0,1,63,2
982,76,2,1733,49,0,1,1,13,0,1,56,2
1166,1144,2,1935,2,0,2,1,14,2,0,64,2
291,1499,1,1730,25,0,1,1,14,2,0,70,2
661,415,2,2016,51,0,1,1,0,0,1,49,2
332,1342,2,815,7,0,5,1,0,0,0,29,2
775,838,3,1017,3,0,5,1,0,0,0,30,2
1113,1049,4,1201,51,0,5,1,0,0,1,44,2
912,609,1,1300,51,0,5,1,14,1,0,46,2
912,609,1,1300,51,0,5,1,14,2,0,71,2
1159,124,4,1635,48,0,5,1,0,0,1,42,2
1159,124,4,1635,48,0,5,1,0,2,1,14,2
1159,124,4,1635,48,0,5,1,0,0,0,30,2
1159,124,4,1635,48,0,5,1,0,0,0,26,2
765,731,1,1820,51,0,1,1,0,1,0,17,1
885,601,1,2340,51,0,2,1,0,1,0,21,2
1150,257,2,1254,5,0,5,1,0,0,1,28,2
1179,951,2,1325,51,0,5,1,0,2,1,4,2
282,804,2,1720,16,0,1,1,0,1,1,58,2
282,804,2,1720,16,0,1,1,0,1,0,4,2
282,804,2,1720,16,0,1,1,0,0,1,29,2
1363,197,2,1730,11,0,1,1,0,0,0,47,2
244,726,2,1804,51,0,2,1,11,0,1,34,2
454,862,2,2019,17,0,2,1,0,0,0,60,2
454,862,2,2019,17,0,2,1,0,0,1,32,2
426,623,2,710,51,3,2,1,0,0,0,27,2
1352,1301,1,935,51,0,5,1,13,1,1,48,2
318,1078,1,1720,51,0,1,1,14,2,0,19,2
919,340,3,1632,50,0,5,0,0,0,0,57,2
919,340,3,1632,50,0,5,0,0,0,1,26,2
1034,1307,1,1835,51,0,1,0,13,1,1,3,2
778,817,1,1700,25,0,1,1,4,1,0,29,2
323,1394,1,1936,51,0,2,1,0,0,0,19,2
1343,1228,1,2000,51,0,2,0,13,1,1,48,2
399,119,1,2240,30,0,2,1,0,1,1,30,0
1541,250,1,332,21,0,0,0,0,0,1,18,2
726,501,1,1310,51,0,5,1,13,1,1,31,2
65,1521,2,810,51,0,5,1,0,2,0,45,2
845,786,2,1600,51,0,5,1,10,0,1,26,2
1462,431,3,1800,48,0,1,1,0,0,1,55,2
1462,431,3,1800,48,0,1,1,0,2,1,44,2
146,906,2,720,51,0,1,1,11,0,1,38,2
1353,1448,1,750,51,0,5,1,0,0,1,54,2
372,1332,2,1255,7,0,5,1,0,2,1,24,2
1448,1012,1,1438,51,0,5,1,14,2,1,12,2
1492,487,1,1440,51,0,5,1,14,2,0,14,2
1514,1566,2,728,0,3,1,1,0,0,0,30,2
1514,1566,2,728,0,3,1,1,0,0,0,42,2
833,335,2,643,15,3,2,1,11,0,1,50,2
96,1447,2,800,23,3,5,2,10,0,1,26,2
1341,1457,2,1035,51,0,5,1,0,0,1,74,2
1341,1457,2,1035,51,0,5,1,0,0,0,50,2
1341,1457,2,1035,51,0,5,1,0,2,0,73,2
471,1207,2,1126,51,0,5,1,11,0,1,24,2
1153,320,2,1258,51,0,5,1,0,0,1,24,2
1464,1438,3,1304,51,0,5,1,0,0,0,28,2
1464,1438,3,1304,51,0,5,1,0,0,1,50,2
22,1481,1,1821,51,3,2,5,0,1,1,80,1
942,507,2,2313,51,3,2,1,11,0,1,23,2
1452,340,2,845,51,3,5,1,5,0,0,26,2
57,1474,3,1025,51,3,5,1,0,0,1,91,2
822,747,2,715,51,3,1,1,1,0,1,24,2
154,981,2,1240,51,3,5,1,0,0,0,68,2
978,173,3,1250,51,0,5,1,9,0,0,23,2
1090,983,2,1334,51,0,5,1,0,0,0,35,2
1340,1458,3,1756,51,0,1,1,11,0,1,28,1
1408,1077,2,517,12,0,1,1,0,0,1,60,2
29,1355,1,620,23,3,1,5,0,0,1,18,2
1009,411,2,841,11,0,5,1,0,0,1,53,2
1009,411,2,841,11,0,5,1,0,2,0,60,2
650,629,2,1100,3,0,5,0,0,0,1,33,2
608,999,2,1612,51,3,5,5,5,0,1,18,1
1165,950,2,2045,51,0,1,1,15,0,1,33,2
1406,1085,2,2322,12,0,1,1,0,0,1,18,2
966,1024,2,38,51,3,2,5,0,0,0,72,2
706,942,1,319,25,0,2,1,0,1,1,18,1
995,1368,2,800,51,0,5,1,11,0,0,30,2
1491,1562,1,849,51,0,5,1,0,1,0,69,1
1144,10,4,1205,48,0,5,1,0,2,0,42,2
1144,10,4,1205,48,0,5,1,0,2,0,70,2
867,591,2,1505,51,0,5,1,0,0,1,23,2
693,954,1,1655,25,0,5,1,0,1,0,51,2
832,1039,2,1850,51,3,2,1,0,0,0,28,2
832,1039,2,1850,51,3,2,1,0,2,0,1,2
751,1014,1,1940,51,0,2,1,0,1,1,56,2
37,1502,2,630,51,3,0,4,10,0,1,59,1
47,785,3,1735,51,3,2,5,0,0,0,33,2
1133,1143,2,1940,51,0,2,1,0,0,0,28,2
1282,1067,3,2051,51,3,2,5,10,0,1,17,1
568,67,3,708,49,0,2,1,13,0,1,28,2
568,67,3,708,49,0,2,1,0,0,1,28,2
568,67,3,708,49,0,2,1,0,0,0,28,2
1427,1181,2,815,51,0,5,1,14,2,0,63,1
854,312,1,940,51,0,5,1,0,1,1,6,1
330,518,2,1346,51,0,5,1,5,0,1,29,1
701,1410,2,1850,51,0,2,1,11,0,1,25,2
1441,1541,2,1605,24,3,5,1,0,0,0,33,2
1441,1541,2,1605,24,3,5,1,0,2,1,12,2
1256,39,2,633,49,0,2,1,0,2,0,54,2
694,680,2,900,3,0,5,1,0,0,0,38,2
156,985,2,900,51,0,5,1,0,0,0,25,2
694,680,3,1005,3,0,5,1,0,0,0,45,2
497,490,2,1140,51,0,5,1,0,0,1,56,2
117,1552,2,1459,51,0,5,1,0,0,0,58,1
102,1185,5,1534,7,0,5,1,0,0,1,26,2
102,1185,5,1534,7,0,5,1,0,2,1,45,2
737,457,3,1225,51,0,5,1,0,0,1,36,2
1224,825,2,2158,51,0,2,0,11,0,1,21,2
1568,532,2,2312,48,0,0,1,0,0,1,30,2
1568,532,2,2312,48,0,0,1,6,0,1,37,2
1369,712,2,35,47,0,2,1,15,0,1,34,2
1367,1283,1,350,7,0,2,1,15,2,0,39,1
113,843,1,419,51,0,2,0,0,2,1,17,2
33,1468,1,600,17,0,1,1,15,2,0,21,2
1268,756,2,1205,12,0,5,1,0,0,1,49,2
1268,756,2,1205,12,0,5,1,0,2,0,71,2
764,692,2,1929,51,0,2,1,10,0,1,25,2
1305,628,2,650,51,0,1,1,11,0,0,22,2
1511,1559,2,1655,1,0,5,1,10,0,1,37,2
163,1299,2,1855,51,0,2,1,0,0,0,26,2
380,1335,2,645,25,0,1,1,11,0,0,51,2
193,1383,3,1435,51,0,5,1,0,0,0,76,1
711,1038,2,1850,51,0,2,1,11,0,1,20,2
1252,1147,1,2030,2,0,2,1,1,1,1,31,2
594,283,2,2300,51,0,2,1,11,0,1,33,2
1517,303,1,1000,51,0,5,1,0,1,0,77,2
765,730,1,1014,51,0,5,1,6,1,0,69,2
596,962,2,1830,51,0,2,1,11,0,1,19,2
1295,225,3,1845,11,0,2,1,0,0,1,45,2
881,727,1,2155,51,0,1,1,0,1,1,50,2
233,1297,2,2328,51,0,2,1,0,0,1,44,2
599,1081,1,1550,25,0,5,1,0,1,0,19,1
1265,746,2,1710,12,0,2,1,14,2,0,62,2
1265,746,2,1710,12,0,2,1,14,2,0,54,2
1265,746,2,1710,12,0,2,1,14,2,0,18,2
1265,746,2,1710,12,0,2,1,14,2,0,72,2
946,1392,2,1800,5,0,2,1,0,0,1,35,2
946,1392,2,1800,5,0,2,1,0,2,1,54,2
972,735,2,1620,5,0,5,1,11,0,1,44,2
1267,34,3,723,49,0,1,1,0,0,1,47,1
1267,34,3,723,49,0,1,1,0,0,1,51,2
967,1027,2,1900,51,0,2,1,0,0,1,40,2
967,1027,2,1900,51,0,2,1,0,0,1,18,2
967,1027,2,1900,51,0,2,1,0,2,1,19,2
967,1027,2,1900,51,0,2,1,0,2,1,20,2
531,219,2,1805,6,0,1,1,0,2,0,46,2
531,219,2,1805,6,0,1,1,0,0,0,22,2
531,219,2,1805,6,0,1,1,0,2,0,24,2
531,219,2,1805,6,0,1,1,0,2,0,21,2
1059,197,2,1936,51,0,2,1,0,0,0,51,2
969,1354,2,545,51,0,1,1,0,0,1,23,2
314,1213,2,1055,51,0,5,1,0,0,0,21,2
314,1213,2,1055,51,0,5,1,0,2,1,29,2
1433,1103,1,1400,51,0,5,1,13,1,1,15,2
1433,1103,1,1400,51,0,5,1,13,1,1,14,2
745,1388,3,1719,51,0,1,1,0,0,1,24,1
1547,1543,1,1000,24,0,5,1,13,1,0,64,2
1221,905,2,1317,51,0,5,1,0,1,1,25,2
987,807,2,1650,5,0,2,1,11,0,1,23,1
160,1406,1,730,51,1,1,1,0,2,1,3,2
844,1345,2,950,5,0,5,1,0,0,0,51,2
844,1345,2,950,5,0,5,1,0,2,0,26,2
844,1345,2,950,5,0,5,1,0,2,1,30,2
844,1345,2,950,5,0,5,1,0,2,0,28,2
1287,476,1,955,47,1,5,1,9,0,1,22,1
285,527,2,845,39,0,5,1,0,0,0,27,2
427,131,2,1740,51,0,2,1,0,0,0,61,2
427,131,2,1740,51,0,2,1,0,0,1,54,2
974,749,2,1804,47,0,2,1,11,0,1,50,1
1419,150,2,1820,51,0,2,1,11,0,1,44,1
256,421,2,1950,51,0,2,1,0,0,0,25,2
713,612,2,900,51,0,5,1,0,0,1,33,2
713,612,2,900,51,0,5,1,14,2,0,60,2
713,612,2,900,51,0,5,1,14,2,1,46,2
575,1094,2,905,25,0,5,1,11,0,1,19,1
175,1029,1,1643,51,0,2,1,0,1,0,34,2
175,1029,1,1643,51,0,2,1,0,1,0,5,2
956,262,1,1700,47,3,2,1,0,1,0,13,1
555,823,2,2116,51,0,2,1,11,2,0,33,2
758,1382,2,1929,7,3,2,1,0,0,1,18,2
996,261,3,820,51,0,5,1,0,0,0,47,2
957,893,2,1819,51,3,2,1,0,0,0,43,2
681,1052,1,1850,51,0,2,1,0,1,0,25,2
1420,903,1,1630,51,0,5,1,14,2,0,70,2
1434,1072,2,1930,51,0,2,1,11,0,1,17,2
76,1528,1,2015,25,3,2,1,0,0,0,57,0
1075,962,2,640,51,0,2,1,0,0,0,58,2
1134,1096,2,1850,51,0,2,1,11,0,1,56,2
1483,471,2,1245,51,0,5,1,0,0,1,45,2
303,1180,2,1715,17,0,2,1,11,2,1,36,2
939,385,2,1723,51,0,1,1,11,0,0,27,2
379,1371,2,2045,25,0,1,1,11,0,0,45,2
1097,991,2,930,2,0,5,1,11,0,1,28,1
11,1494,2,1800,17,0,1,1,11,0,1,61,2
1173,16,2,1140,48,0,5,1,0,0,0,68,2
997,177,2,1507,51,3,5,5,9,0,1,21,1
537,768,2,1750,17,0,2,1,11,0,1,50,2
1209,227,2,1655,11,3,2,5,0,0,0,44,2
827,307,2,1715,19,0,1,1,11,0,1,22,1
1546,1460,2,1725,0,3,0,5,0,2,0,73,2
1376,1199,2,1734,51,3,2,5,11,0,1,29,2
796,593,2,1900,51,0,2,1,0,0,1,40,2
461,302,3,2031,6,3,2,1,0,2,0,21,2
31,1352,2,1815,51,0,0,1,0,1,1,51,2
63,1452,2,1340,51,0,5,1,11,0,1,45,1
234,582,2,1801,51,0,2,1,0,0,0,53,2
234,582,2,1801,51,0,2,1,0,0,0,26,2
234,582,2,1801,51,0,2,1,0,2,1,36,2
234,582,2,1801,51,0,2,1,0,2,0,16,2
1183,1338,2,1805,51,3,2,1,0,0,1,40,2
1183,1338,2,1805,51,3,2,1,0,2,0,36,2
1183,1338,2,1805,51,3,2,1,0,2,1,3,2
1183,1338,2,1805,51,3,2,1,0,2,0,11,2
1183,1338,2,1805,51,3,2,1,0,0,1,32,2
208,961,1,1924,22,0,2,1,0,1,0,16,2
733,313,1,1929,51,0,2,1,0,1,1,9,2
401,1421,2,25,51,0,2,1,15,2,1,46,2
401,1421,2,25,51,0,2,1,0,0,1,32,1
1392,1194,2,2005,12,0,1,1,0,0,0,24,2
1490,1413,3,1125,12,0,5,1,0,2,1,30,2
1128,1064,2,1415,51,0,5,1,0,0,1,32,2
1050,201,1,1800,51,0,2,1,0,1,1,45,2
1148,1117,2,2240,2,0,2,1,0,0,1,33,2
1148,1117,2,2240,2,0,2,1,0,0,0,50,2
1141,1107,1,2330,2,0,2,1,0,1,0,36,1
449,347,2,654,51,3,1,1,11,0,0,49,2
968,1025,4,1143,51,0,5,1,0,0,0,23,2
1508,408,1,1215,10,0,5,1,0,0,1,44,2
794,108,1,1614,51,0,2,1,0,1,0,42,2
794,108,1,1614,51,0,2,1,0,1,0,7,2
863,771,2,1700,51,0,2,1,14,2,0,31,2
842,1,2,1800,48,3,1,1,0,0,0,20,2
1195,93,2,1830,48,0,2,1,0,0,1,31,2
1195,93,2,1830,48,0,2,1,0,2,0,29,2
1195,93,2,1830,48,0,2,1,0,2,1,7,2
1021,1434,2,1530,5,0,5,1,14,2,0,90,1
1201,665,3,1728,12,3,2,1,0,0,1,53,2
938,608,1,920,51,0,5,1,0,1,1,90,1
688,997,1,2244,51,3,2,5,0,0,1,22,2
979,1041,2,805,51,3,5,1,11,0,1,60,2
410,1104,2,850,42,3,5,1,0,0,0,33,2
1186,1192,1,745,51,3,5,1,11,0,1,38,1
926,5,2,915,18,0,5,1,11,0,0,30,2
633,1047,2,1001,25,0,5,1,11,0,0,21,2
595,1088,2,1611,51,3,5,1,11,0,0,57,1
1003,1142,2,1005,51,3,5,1,0,0,0,50,2
522,217,2,830,6,0,5,1,0,0,0,19,2
522,217,2,830,6,0,5,1,0,2,0,19,2
1219,101,2,640,20,0,2,1,11,0,0,25,2
59,831,1,815,16,0,5,1,0,1,1,10,2
1308,1201,1,1035,51,0,5,1,0,1,1,86,2
876,1140,2,1630,5,0,2,1,0,0,1,41,2
1242,856,2,1756,43,0,2,1,0,0,1,47,2
1478,80,2,2020,11,3,2,1,11,0,0,19,2
525,68,2,1110,49,0,5,1,13,0,1,48,2
525,68,2,1110,49,0,5,1,13,2,1,36,2
1039,854,3,1449,51,0,5,1,0,0,1,51,2
124,425,2,1657,51,0,2,1,0,0,0,32,2
860,559,3,1700,51,0,2,1,0,0,1,62,2
860,559,3,1700,51,0,2,1,0,2,0,35,2
394,602,2,2013,51,3,2,3,5,0,1,16,1
816,568,1,2145,51,0,2,1,0,1,1,34,1
814,569,1,223,51,0,2,1,0,1,1,40,1
901,1303,2,1835,5,0,2,1,14,2,0,53,2
901,1303,2,1835,5,0,2,1,14,2,0,55,2
123,1241,2,1451,7,0,5,1,10,0,1,22,1
123,1241,2,1451,7,0,5,1,0,0,0,51,2
1336,28,2,630,49,0,1,1,0,0,1,42,1
651,870,2,945,51,0,5,1,11,0,0,30,2
1163,955,2,1250,51,3,5,5,4,0,1,21,2
1567,585,4,1612,0,0,0,1,0,0,0,79,2
492,1153,1,650,25,3,2,5,0,1,0,58,1
1111,1292,1,1519,51,0,5,1,0,1,1,11,2
646,1035,1,1618,25,0,2,1,0,1,0,13,2
646,1035,1,1618,25,0,2,1,0,1,0,14,2
947,880,2,1635,51,0,2,1,11,0,1,51,2
903,304,2,1840,50,3,2,1,10,0,1,55,2
165,1305,1,2219,51,0,2,1,4,0,1,48,2
1032,403,2,945,51,0,5,1,0,0,1,51,2
359,41,2,1630,49,0,2,1,0,0,1,33,2
198,171,2,1317,8,0,5,1,4,0,1,20,2
752,858,2,1550,25,3,1,5,14,2,1,49,1
339,1075,2,2140,17,3,2,3,0,0,1,24,2
34,1455,2,424,51,3,2,4,13,0,1,24,2
34,1455,2,424,51,3,2,4,15,0,1,47,2
1384,1256,2,730,51,3,1,1,0,0,0,31,2
1384,1256,2,730,51,3,1,1,0,2,1,8,2
1137,936,1,1012,51,0,5,1,5,1,0,23,2
552,15,1,1528,51,3,5,5,0,1,1,15,2
1084,473,2,1613,10,3,2,5,0,2,0,12,2
1084,473,2,1613,10,3,2,5,0,2,0,36,2
469,365,3,1700,8,3,2,4,0,0,1,24,2
469,365,3,1700,8,3,2,4,0,2,0,19,2
469,365,3,1700,8,3,2,4,0,0,1,20,2
465,17,2,1835,19,3,2,1,0,0,0,54,2
349,1315,1,805,51,1,5,1,0,1,0,12,2
390,1294,1,720,51,0,2,1,0,1,0,54,1
464,855,2,818,17,1,5,1,11,0,0,27,2
741,289,2,925,51,3,5,1,0,0,0,28,2
217,1512,2,930,25,0,5,1,9,0,1,18,2
1331,678,2,1050,10,0,5,1,0,0,1,31,2
1331,678,2,1050,10,0,5,1,0,2,0,30,2
1331,678,2,1050,10,0,5,1,0,0,0,61,2
1331,678,2,1050,10,0,5,1,0,2,1,64,2
1571,1556,2,1230,51,3,5,1,11,0,1,43,1
1187,1369,2,1545,51,3,5,1,0,0,0,52,2
1187,1369,2,1545,51,3,5,1,0,0,1,55,2
446,1135,2,1714,51,3,2,5,9,0,1,21,2
71,1411,2,1723,17,3,2,5,11,0,1,36,1
959,1399,3,1715,7,3,1,6,0,0,0,82,2
964,610,1,30,51,0,1,1,0,1,1,24,2
425,64,1,750,18,1,5,1,0,0,0,21,2
43,1548,1,1035,51,3,5,1,0,1,1,86,2
1281,47,2,1705,5,0,2,1,9,0,1,50,1
457,911,2,1600,51,0,5,1,14,0,1,45,2
457,911,2,1600,51,0,5,1,14,2,0,30,2
457,911,2,1600,51,0,5,1,14,2,0,24,2
457,911,2,1600,51,0,5,1,14,2,0,35,2
457,911,2,1600,51,0,5,1,14,2,1,48,2
457,911,2,1600,51,0,5,1,14,2,0,44,2
457,911,2,1600,51,0,5,1,14,2,0,37,2
806,1214,2,1740,5,0,2,1,0,0,1,57,2
806,1214,2,1740,5,0,2,1,0,2,0,57,2
988,807,3,1857,5,0,2,1,0,2,0,40,2
795,689,2,1645,51,3,2,1,11,0,1,30,2
639,1289,1,2153,42,3,2,1,0,0,1,15,1
639,1289,1,2153,42,3,2,1,0,2,1,24,0
639,1289,1,2153,42,3,2,1,0,2,1,14,0
639,1289,1,2153,42,3,2,1,0,2,1,12,0
639,1289,1,2153,42,3,2,1,0,2,1,15,0
639,1289,1,2153,42,3,2,1,0,2,1,24,0
788,834,1,100,25,3,2,1,0,1,1,18,2
584,1203,3,1115,51,3,5,1,0,0,1,38,1
584,1203,3,1115,51,3,5,1,0,0,0,53,2
876,1139,2,1250,5,0,5,1,0,0,0,25,2
876,1139,2,1250,5,0,5,1,0,0,0,54,2
1513,1567,2,1600,0,3,5,1,0,0,0,60,2
1028,315,2,1240,51,0,5,1,0,0,0,39,2
1028,315,2,1240,51,0,5,1,0,2,0,76,2
1123,63,2,1346,49,3,5,1,0,0,0,48,2
1123,63,2,1346,49,3,5,1,0,2,0,37,2
1123,63,2,1346,49,3,5,1,0,0,0,44,2
1123,63,2,1346,49,3,5,1,0,2,0,35,2
1180,45,2,1805,48,0,2,1,0,0,0,29,2
1180,45,2,1805,48,0,2,1,0,2,1,30,2
1351,891,2,730,12,0,2,1,11,0,1,27,2
52,1431,2,847,17,3,5,1,11,0,1,26,2
587,1267,2,935,42,0,5,1,11,0,1,31,2
629,40,4,1400,20,0,5,1,0,0,0,51,2
267,1446,1,943,51,0,5,1,0,1,1,23,2
1461,110,2,2215,51,0,2,1,0,0,1,28,2
1461,110,2,2215,51,0,2,1,0,2,1,27,2
3,1483,2,2134,51,0,1,1,0,2,0,64,2
1333,1034,1,1605,51,0,5,1,14,2,1,85,2
110,449,2,1644,51,0,2,1,0,0,0,74,2
110,449,2,1644,51,0,2,1,0,2,0,96,2
1506,865,3,1800,48,0,0,1,0,0,0,60,2
1506,865,3,1800,48,0,0,1,0,0,1,38,2
366,1357,3,825,51,0,5,1,0,0,1,22,2
1237,879,2,740,43,3,2,1,0,0,0,43,2
263,170,2,1315,50,0,5,1,0,0,1,25,2
1070,751,1,1510,51,3,5,7,14,2,0,55,2
815,823,1,45,51,3,2,1,0,0,0,28,2
1550,1414,1,543,0,2,0,7,13,0,1,23,1
843,290,4,520,51,1,2,1,0,0,1,32,2
723,688,1,921,2,3,5,1,0,1,0,16,2
397,139,2,1323,51,3,5,5,0,2,0,32,2
397,139,2,1323,51,3,5,5,0,2,1,38,2
790,491,2,1449,51,0,5,1,0,0,1,32,2
790,491,2,1449,51,0,5,1,0,2,1,50,2
790,491,2,1449,51,0,5,1,0,2,0,43,2
790,491,2,1449,51,0,5,1,0,2,0,36,2
1519,1525,3,1630,0,0,0,1,0,0,0,29,2
864,699,2,1445,51,0,5,1,6,1,1,24,2
1357,1155,2,1650,51,0,2,1,0,0,1,30,2
548,332,1,1705,15,0,2,1,0,1,1,40,1
1020,182,2,1742,51,0,2,1,0,0,1,50,2
80,945,2,1813,51,0,1,1,0,0,1,51,2
1345,873,2,1850,13,3,2,3,0,0,1,67,2
945,1391,2,1910,5,0,2,1,0,0,1,30,2
925,1276,3,2320,51,3,4,1,0,0,1,22,2
685,1011,2,2330,51,0,1,1,0,2,1,28,2
685,1011,2,2330,51,0,1,1,0,2,1,25,2
695,674,2,152,2,0,2,1,0,2,1,25,2
695,674,2,152,2,0,2,1,0,2,1,25,2
281,336,2,1021,2,3,5,1,0,2,1,20,2
281,336,2,1021,2,3,5,1,0,2,1,24,2
281,336,2,1021,2,3,5,1,0,0,1,20,2
1107,1173,1,1800,51,2,2,7,0,1,0,45,2
482,59,2,1827,19,3,2,1,0,0,1,37,2
482,59,2,1827,19,3,2,1,0,2,1,34,2
482,59,2,1827,19,3,2,1,0,0,1,48,2
1182,232,2,1420,5,3,5,1,0,2,1,31,2
409,626,2,2038,51,0,1,1,0,0,1,20,2
324,44,2,852,49,0,5,1,0,0,0,33,2
1537,142,2,1148,26,3,5,1,9,0,1,33,2
925,375,2,855,5,0,5,1,0,0,0,18,2
925,375,2,855,5,0,5,1,0,2,0,24,2
1473,263,1,1450,14,3,5,1,14,1,0,80,1
868,821,2,1635,13,3,2,1,0,2,1,4,2
868,821,2,1635,13,3,2,1,0,0,0,21,2
1488,1557,2,1812,2,3,0,1,0,0,1,79,2
506,84,2,2000,19,3,2,3,13,0,1,58,2
388,1333,2,2020,7,3,2,5,11,0,0,57,2
820,297,2,300,19,3,2,1,9,0,1,40,1
1442,199,2,1320,51,0,5,1,0,2,0,67,2
209,1340,1,1500,51,0,5,1,0,1,1,31,1
1052,1347,1,1510,51,0,5,1,0,1,0,13,1
1052,1347,1,1510,51,0,5,1,0,1,0,13,1
1476,346,2,1550,14,0,2,1,0,0,0,39,2
545,204,2,1615,6,3,2,1,0,0,1,59,2
545,204,2,1615,6,3,2,1,0,2,0,57,2
1222,1349,1,1700,51,0,2,1,0,0,0,81,1
13,1491,2,1530,4,1,2,1,0,0,1,25,2
219,1433,2,1720,51,0,2,1,0,0,0,38,2
570,128,2,1840,19,3,2,1,0,0,0,45,2
780,816,1,1920,51,0,2,1,0,1,0,21,2
514,1231,1,36,51,3,2,5,0,0,1,18,2
1520,279,1,337,36,3,2,1,13,0,1,22,1
1520,279,1,337,36,3,2,1,13,2,1,18,1
1520,279,1,337,36,3,2,1,13,2,0,24,1
1407,36,2,500,49,0,2,1,0,0,1,24,1
100,488,1,1730,51,0,2,1,9,0,1,55,2
100,488,1,1730,51,0,2,1,9,1,1,53,2
673,1361,2,1034,7,0,5,1,0,0,1,46,2
241,33,4,2356,30,3,2,0,0,0,1,23,2
82,1442,2,837,51,0,5,1,11,0,1,36,1
293,97,2,1600,51,3,5,1,0,0,0,29,2
1043,367,1,1800,51,0,2,1,15,2,0,15,2
1417,103,1,1049,14,0,5,1,0,2,0,71,2
313,159,1,1110,31,3,5,0,0,1,0,32,2
121,600,2,1254,40,1,5,0,0,0,1,76,2
19,1470,1,1500,51,0,5,1,0,1,0,12,2
396,604,1,1856,51,3,2,1,0,1,1,21,2
1190,1026,1,2000,51,1,2,4,0,1,0,58,1
25,467,1,750,51,0,5,1,0,1,1,12,2
336,1073,2,1620,51,0,2,1,11,0,1,46,2
658,624,2,1655,51,0,2,1,14,2,1,7,2
1509,406,3,1806,10,3,2,1,0,0,1,49,2
1231,1132,2,2310,51,3,2,1,11,0,1,32,1
253,1206,2,715,17,0,2,0,0,2,1,26,2
484,651,2,1835,16,0,2,1,5,0,1,25,2
484,651,2,1835,16,0,2,1,0,0,0,32,2
580,486,2,730,51,1,2,1,0,0,1,51,2
228,547,1,857,6,3,5,1,13,1,0,78,2
1099,71,2,902,49,0,5,3,13,0,1,26,2
1192,95,3,925,48,3,5,1,0,0,1,36,2
1192,95,3,925,48,3,5,1,0,0,1,59,2
414,908,2,1245,17,3,5,1,11,0,1,57,2
1131,229,3,1535,51,0,5,1,0,0,1,40,1
1131,229,3,1535,51,0,5,1,0,0,0,36,2
1131,229,3,1535,51,0,5,1,0,2,0,8,2
1131,229,3,1535,51,0,5,1,0,2,0,7,2
1131,229,3,1535,51,0,5,1,0,2,1,10,2
974,748,2,1645,51,3,2,1,5,0,1,18,2
485,1167,1,1610,25,3,2,1,0,1,1,18,2
1176,1023,1,1823,51,3,2,5,0,1,0,47,2
1543,1526,2,2115,51,0,2,1,11,0,1,14,2
632,503,2,835,51,3,5,1,11,0,1,41,2
321,1396,1,1806,51,1,2,1,0,1,1,10,2
634,1045,1,820,51,1,2,1,0,1,0,23,1
719,317,1,840,51,1,5,1,2,1,1,10,2
153,948,2,1100,51,3,5,1,12,0,1,51,2
153,948,2,1100,51,3,5,1,12,2,0,77,2
1177,1021,3,1650,43,3,2,5,0,2,0,6,2
1177,1021,3,1650,43,3,2,5,0,2,0,5,2
1136,1098,2,2207,2,3,2,1,0,2,0,11,2
233,544,2,635,6,0,2,1,0,0,1,29,2
784,840,2,705,2,1,2,5,0,0,0,45,2
986,241,1,800,51,1,5,1,5,0,0,24,2
136,1063,1,840,51,0,1,1,0,1,1,37,2
375,1325,2,755,7,3,2,1,11,0,1,43,2
1215,770,1,900,51,1,5,3,0,1,0,10,2
1379,1179,1,954,51,0,5,1,14,2,0,71,2
261,508,2,1200,39,0,5,1,0,0,1,57,2
261,508,2,1200,39,0,5,1,0,0,0,52,1
358,1322,1,1210,7,3,5,1,0,1,1,13,1
1100,993,2,1625,2,0,2,1,0,0,1,36,2
1062,786,5,1518,51,0,5,1,0,1,1,10,1
714,612,2,1620,51,0,2,1,11,0,1,42,2
1074,961,2,1752,51,3,2,1,11,0,1,45,2
1295,1130,1,1755,51,3,2,1,14,2,1,64,1
1542,1530,1,2200,51,3,2,1,0,0,0,23,2
235,583,2,655,51,3,2,1,4,0,1,25,1
415,1424,2,1100,51,3,5,1,11,0,1,36,2
1468,253,2,1920,51,1,2,1,0,1,0,55,2
1286,937,1,2007,51,3,2,1,0,1,0,16,2
131,1426,1,1733,51,1,0,1,0,0,1,18,2
131,1426,1,1733,51,1,0,1,0,2,1,19,2
1555,933,1,1008,51,1,5,1,0,0,0,26,2
1555,933,1,1008,51,1,5,1,0,2,1,2,2
1210,405,2,1340,51,3,5,1,5,0,1,22,2
249,200,1,1600,8,3,2,1,0,1,0,13,1
249,200,1,1600,8,3,2,1,0,1,0,14,1
356,1422,2,1804,51,0,2,1,11,0,1,54,2
1103,753,2,1330,51,0,5,1,9,0,0,27,2
542,451,2,1759,8,3,2,1,11,0,1,42,2
1098,994,3,845,2,3,5,1,0,0,0,26,2
879,414,2,1620,51,0,2,1,13,0,1,35,2
934,394,2,2235,51,0,1,1,0,1,1,38,1
182,1358,1,1530,51,0,2,1,0,1,0,66,0
182,1358,1,1530,51,0,2,1,0,1,0,1,2
1316,239,2,1545,48,0,5,1,0,0,1,45,2
286,525,2,1700,39,0,2,1,0,2,1,19,1
1052,176,2,2030,51,3,2,1,9,0,1,19,1
890,614,1,710,51,3,2,1,8,1,0,37,2
334,361,2,930,51,0,5,1,0,0,1,79,1
368,366,2,1735,6,0,2,1,11,0,0,33,2
391,1398,1,835,25,3,5,1,0,0,0,53,2
384,1462,2,1300,25,0,5,1,0,0,0,20,2
974,705,2,1556,13,0,5,1,0,0,1,83,2
803,797,1,1624,25,0,2,1,15,2,0,35,2
803,797,1,1624,25,0,2,1,15,2,0,59,2
1522,251,1,1700,51,0,2,1,0,1,1,69,1
463,1168,1,1300,42,0,5,1,0,1,1,13,1
855,980,2,1555,51,3,1,1,11,0,0,46,2
1074,962,2,1621,51,3,2,1,0,2,0,42,2
1074,962,2,1621,51,3,2,1,0,0,1,38,2
878,118,1,1920,51,3,2,1,0,1,1,24,2
1556,1386,2,1433,0,0,5,1,0,0,1,36,2
1556,1386,2,1433,0,0,5,1,0,2,0,27,2
1368,589,2,1640,51,0,2,1,0,0,1,84,2
73,1263,2,1645,51,0,5,1,0,0,0,32,2
479,46,1,2345,51,0,2,1,0,0,0,52,2
1494,1070,1,1355,47,3,5,1,0,0,1,26,1
1494,1070,1,1355,47,3,5,1,0,2,0,24,2
1365,930,2,1454,12,0,5,5,15,0,1,42,2
473,376,2,1050,51,0,5,1,0,0,1,28,2
473,376,2,1050,51,0,5,1,13,0,1,57,2
234,562,1,1105,51,3,5,1,9,0,1,23,2
77,1467,1,1334,51,0,5,1,0,1,1,7,2
1033,485,3,2205,51,1,2,1,0,0,1,31,2
1033,485,3,2205,51,1,2,1,0,2,1,25,2
789,141,1,1610,51,3,5,1,9,1,0,18,1
538,450,2,1800,8,0,2,1,0,0,1,48,2
538,450,2,1800,8,0,2,1,0,2,0,31,2
1064,971,2,1955,2,0,2,1,0,0,1,56,2
1474,709,1,500,48,1,0,1,8,1,1,20,0
69,874,2,816,7,1,5,7,0,0,0,24,2
948,1234,2,1439,51,2,5,1,0,2,1,29,2
130,631,1,2215,39,3,2,1,0,1,1,36,2
1158,243,2,107,50,3,2,5,0,0,1,18,1
1158,243,2,107,50,3,2,5,0,2,1,18,1
335,1341,1,1120,7,3,5,4,0,1,0,16,2
1081,357,2,1125,11,3,5,1,0,0,0,28,2
1081,357,2,1125,11,3,5,1,0,2,1,23,2
1081,357,2,1125,11,3,5,1,0,2,0,64,2
1561,1099,2,1345,0,0,5,1,0,0,0,70,2
4,1506,2,1550,51,3,0,1,0,0,1,35,2
4,1506,2,1550,51,3,0,1,0,2,0,35,2
4,1506,2,1550,51,3,0,1,0,0,1,23,2
1019,157,1,1550,51,0,5,1,14,2,0,65,2
1013,1388,2,1345,51,0,5,1,0,0,1,21,2
875,308,2,1515,51,2,5,7,0,0,1,19,2
875,308,2,1515,51,2,5,7,0,2,1,21,2
467,1198,3,1935,51,3,2,5,4,0,1,23,2
45,813,2,2111,45,3,2,5,0,0,1,20,2
1147,1134,2,2320,51,3,2,1,9,0,1,34,1
92,1148,2,1400,51,3,5,5,1,0,1,27,2
