GREasting,GRNorthing,NumberofVehicles,Time,1st_Road,Road_Surface,LightingConditions,WeatherConditions,TypeofVehicle,CasualtyClass,Sex,Age,y
346,428455,1,815,15,0,5,3,0,1,0,61,1
974,433222,2,1330,5,0,5,1,11,0,1,36,2
631,429856,2,805,19,3,5,1,0,0,1,32,2
631,429856,2,805,19,3,5,1,0,0,1,30,2
782,434277,2,1705,51,3,2,5,0,2,0,26,2
1402,436807,2,1200,51,0,5,1,0,0,0,34,2
1564,436768,3,1230,48,0,5,1,0,0,1,39,2
1564,436768,3,1230,48,0,5,1,0,0,0,69,2
1531,434572,2,1807,48,0,0,1,0,0,1,18,2
1531,434572,2,1807,48,0,0,1,0,2,0,17,1
1531,434572,2,1807,48,0,0,1,0,2,0,19,2
910,437057,2,1800,51,0,2,1,4,0,1,36,2
1069,438004,1,2120,51,3,2,1,0,1,1,50,1
40,445342,2,1115,51,0,5,1,0,0,0,67,2
91,428537,2,1048,18,3,5,1,11,0,1,82,1
443,432598,2,1130,51,0,5,1,0,0,1,72,2
443,432598,2,1130,51,0,5,1,0,2,0,71,2
1495,433058,1,1132,51,0,5,1,0,1,0,86,2
630,433453,2,1700,2,0,2,1,5,0,1,42,1
1076,429362,1,1710,51,0,2,1,5,0,1,48,2
792,437020,2,1645,5,0,2,1,0,0,1,23,2
803,436643,1,1005,5,0,5,1,15,1,1,30,2
376,435487,2,1200,51,1,5,3,0,0,0,26,2
1212,433871,1,1550,51,0,5,1,0,1,1,20,2
521,434138,2,1857,17,0,1,1,0,2,1,25,2
331,427445,2,2010,30,3,2,1,0,0,0,42,2
331,427445,2,2010,30,3,2,1,0,2,0,10,2
331,427445,2,2010,30,3,2,1,0,2,0,10,2
331,427445,2,2010,30,3,2,1,0,2,0,11,2
23,442121,2,956,51,0,5,1,11,0,1,48,2
16,445539,2,1004,25,3,5,1,11,0,1,46,2
1399,425856,2,1730,49,0,2,1,1,0,1,46,2
1399,425856,2,1730,49,0,2,1,1,2,0,32,2
927,434563,2,1100,2,0,5,1,11,0,1,51,2
1017,434499,1,2333,51,3,2,1,0,0,1,20,2
125,442334,3,847,23,3,5,5,0,0,1,61,2
125,442334,3,847,23,3,5,5,0,2,0,29,2
662,431824,2,912,50,0,5,1,0,0,0,31,2
133,437868,2,1510,17,3,5,5,0,2,0,38,2
686,433672,3,1853,3,3,2,1,0,0,0,24,2
897,433960,1,1400,51,0,5,3,14,2,0,52,2
897,433960,1,1400,51,0,5,3,14,2,0,56,2
704,431344,2,1520,51,0,5,1,0,1,0,63,1
1146,435786,3,1850,51,0,1,1,0,0,0,27,2
1030,430345,3,954,51,0,2,1,0,0,1,24,2
1030,430345,3,954,51,0,2,1,0,1,1,41,2
1030,430345,3,954,51,0,2,1,0,1,1,21,2
1030,430345,3,954,51,0,2,1,0,1,1,27,2
423,437205,2,745,25,3,5,0,11,0,0,34,1
1419,436472,2,1300,51,0,5,1,9,0,1,20,2
1419,436472,2,1300,51,0,5,1,4,0,1,59,1
221,427642,2,1145,18,3,5,0,0,2,0,18,2
221,427642,2,1145,18,3,5,0,0,0,0,82,2
571,433002,2,2040,16,0,2,1,0,0,0,52,2
147,439311,2,640,51,0,1,1,0,0,1,25,1
147,439311,2,640,51,0,1,1,0,0,1,39,2
134,437858,2,710,17,0,1,1,11,0,1,49,2
222,434437,2,820,22,3,5,1,11,0,0,50,2
327,435960,2,815,17,0,5,1,11,0,1,32,2
787,437438,2,1125,51,0,5,1,0,0,1,80,1
1349,428429,2,1205,51,3,5,5,11,0,1,10,2
1449,435675,2,1500,51,0,5,1,0,0,0,49,2
1068,435358,1,1845,51,3,2,1,0,1,1,30,2
498,433188,1,715,51,3,1,1,0,1,0,13,2
862,436769,2,854,51,1,5,1,0,2,1,1,2
969,434504,2,925,5,3,5,1,0,0,0,47,2
950,439034,2,1710,5,0,2,1,0,0,0,46,2
1493,434550,2,1750,51,3,0,1,0,0,1,84,2
1493,434550,2,1750,51,3,0,1,13,0,1,29,2
523,431564,2,2115,50,3,2,1,0,0,0,26,2
523,431564,2,2115,50,3,2,1,0,0,0,21,2
1454,431960,1,10,51,1,0,1,0,0,1,21,2
44,445698,1,1103,51,3,2,1,0,1,0,75,2
535,432525,2,1515,2,0,5,1,11,0,1,16,2
909,437103,2,1817,51,0,1,1,11,0,1,18,2
1132,435107,2,2120,51,0,2,1,0,0,1,32,2
1132,435107,2,2120,51,0,2,1,0,0,1,27,2
1132,435107,2,2120,51,0,2,1,0,2,1,28,2
1251,434337,2,9,43,3,2,1,15,2,1,36,2
612,440134,3,1230,51,3,5,1,0,0,1,87,2
612,440134,3,1230,51,3,5,1,0,2,0,86,1
809,438567,2,1308,42,3,5,1,11,0,1,31,2
532,434078,5,1400,17,3,5,1,0,0,1,62,1
532,434078,5,1400,17,3,5,1,0,0,1,51,2
532,434078,5,1400,17,3,5,1,0,2,0,49,2
532,434078,5,1400,17,3,5,1,0,0,1,42,2
532,434078,5,1400,17,3,5,1,0,0,0,63,2
532,434078,5,1400,17,3,5,1,0,0,1,26,2
1558,438278,2,1800,0,3,2,1,0,0,0,57,2
1558,438278,2,1800,0,3,2,1,0,0,0,30,2
911,434358,2,1917,51,3,2,5,0,0,1,30,2
302,435509,2,2100,51,0,1,1,0,0,0,35,2
302,435509,2,2100,51,0,1,1,0,2,1,14,2
1246,429756,1,140,11,3,2,5,0,0,1,30,2
223,434437,2,627,51,3,2,5,11,0,1,52,2
87,428923,2,905,18,3,5,1,9,0,1,19,2
1189,432587,2,1120,5,0,5,1,8,2,1,56,2
1125,430458,1,1605,50,3,2,5,0,0,1,38,2
1554,435492,2,1755,29,3,2,2,0,0,0,52,2
990,432024,2,1815,51,3,2,5,0,0,0,21,2
981,433361,3,1430,51,0,5,1,0,0,1,52,2
981,433361,3,1430,51,0,5,1,0,2,0,51,2
981,433361,3,1430,51,0,5,1,0,2,0,23,2
981,433361,3,1430,51,0,5,1,0,2,1,2,2
442,425512,2,1730,19,3,2,1,0,2,0,45,1
442,425512,2,1730,19,3,2,1,0,0,0,18,2
442,425512,2,1730,19,3,2,1,0,2,1,15,1
442,425512,2,1730,19,3,2,1,0,0,1,46,2
627,432429,2,1715,51,0,2,1,11,0,0,23,2
1459,433169,2,1545,10,0,5,1,0,0,1,28,2
1459,433169,2,1545,10,0,5,1,0,2,0,31,2
1200,436372,1,1758,51,3,2,1,0,1,1,29,2
493,436010,1,1740,25,3,2,1,9,1,1,34,1
1081,431610,2,835,11,0,5,1,9,0,1,18,1
1036,430363,3,901,51,0,5,1,0,0,1,33,2
1036,430363,3,901,51,0,5,1,0,0,0,22,2
1249,435186,1,1700,51,0,2,1,0,1,0,14,2
534,435261,2,1145,51,0,5,1,11,0,1,21,2
978,424389,2,1920,18,0,1,1,0,0,0,46,2
1299,425849,2,745,49,0,2,1,0,0,1,52,2
159,433599,1,1100,51,0,5,1,0,1,1,60,1
508,426346,2,1540,18,0,5,1,0,0,1,50,2
508,426346,2,1540,18,0,5,1,0,2,1,51,2
242,433893,2,1730,51,0,1,1,11,0,1,16,2
707,433938,2,2007,3,3,1,1,15,0,1,24,2
707,433938,2,2007,3,3,1,1,15,2,0,18,2
707,433938,2,2007,3,3,1,1,0,0,0,29,2
1164,434989,1,2015,51,0,2,1,0,1,0,5,2
1164,434989,1,2015,51,0,2,1,0,1,0,37,2
781,433410,2,2020,51,0,2,1,11,0,0,26,2
649,431996,2,2128,51,0,2,1,0,0,1,19,2
141,443102,2,1100,23,3,5,1,0,0,0,84,2
141,443102,2,1100,23,3,5,1,0,0,1,63,2
141,443102,2,1100,23,3,5,1,0,2,0,57,2
1151,430309,2,1224,5,0,5,1,13,0,1,37,2
488,435308,2,1300,51,0,5,1,11,0,1,19,2
189,427904,2,1329,49,0,5,1,0,2,0,41,2
1191,438836,3,1350,51,3,5,1,0,0,1,18,2
1191,438836,3,1350,51,3,5,1,0,2,0,19,2
1191,438836,3,1350,51,3,5,1,0,0,0,22,2
670,431942,2,1950,51,0,2,1,0,0,1,46,2
818,432605,2,2118,51,0,2,1,11,0,1,19,2
687,433679,2,645,2,3,2,1,0,0,1,33,2
1354,428908,2,1115,51,0,5,1,0,1,1,13,1
1322,434278,2,1530,51,0,5,1,11,0,1,30,2
438,434591,2,1630,17,0,5,1,9,0,1,23,2
1152,435835,3,1903,51,3,2,1,0,0,0,26,2
1152,435835,3,1903,51,3,2,1,0,2,0,24,2
1152,435835,3,1903,51,3,2,1,0,2,1,20,2
1290,435155,2,2030,51,0,2,1,0,2,0,34,2
75,445002,2,1845,25,0,1,1,11,0,1,47,2
541,428758,2,1700,51,3,1,1,0,2,0,29,2
1008,435826,1,901,51,0,5,1,0,1,0,40,2
421,434684,2,1205,17,0,5,1,11,0,0,42,2
447,430960,1,1608,50,3,5,1,0,0,0,26,2
1432,436164,2,1640,51,3,2,1,9,0,1,27,2
279,433062,2,128,51,1,2,1,0,0,1,17,1
880,433052,1,955,51,0,5,1,0,1,1,52,1
837,431583,2,1125,19,3,5,1,9,0,1,57,2
923,430623,2,1147,50,0,5,1,0,0,0,77,2
1149,432600,1,1200,51,0,5,1,0,1,1,12,2
1339,428101,1,1500,20,3,5,1,0,1,1,78,1
326,442454,1,1754,25,0,1,1,11,0,1,43,2
1071,435014,1,953,51,0,5,1,13,1,1,26,1
192,428212,2,1232,18,0,5,1,0,0,1,45,2
743,433796,2,1716,51,0,2,1,11,0,1,54,2
1256,435044,2,1845,51,0,2,1,0,0,0,34,2
913,431577,2,735,50,0,5,1,0,0,0,36,2
913,431577,2,735,50,0,5,1,6,0,1,34,2
913,431577,2,735,50,0,5,1,6,2,0,22,2
1496,446862,2,1010,1,3,5,1,0,0,0,21,1
1472,440696,2,1855,51,0,2,1,9,0,1,20,1
105,428201,3,1900,18,3,2,1,0,0,1,27,2
105,428201,3,1900,18,3,2,1,0,0,0,17,2
873,431181,1,2200,51,3,2,5,0,1,0,19,2
411,434752,2,200,17,3,2,1,0,0,1,67,2
411,434752,2,200,17,3,2,1,15,2,1,18,2
411,434752,2,200,17,3,2,1,15,2,1,25,2
411,434752,2,200,17,3,2,1,15,2,1,24,2
1259,426259,1,725,35,0,1,1,0,1,1,32,2
558,433200,2,1510,16,0,5,1,0,0,0,36,2
1024,431334,2,1445,51,0,2,1,4,0,1,23,1
190,435969,2,1045,51,3,5,1,11,0,1,41,1
963,438592,2,1730,5,3,2,5,0,0,1,49,2
1149,428020,2,705,49,3,2,5,0,0,1,35,2
1169,435965,2,846,51,3,5,1,11,0,1,30,2
1443,433662,2,1146,9,0,5,1,0,0,1,66,2
834,433239,2,1329,51,3,5,1,9,0,1,55,2
1273,436159,2,1510,2,0,5,1,0,0,0,66,2
1273,436159,2,1510,2,0,5,1,0,2,0,31,2
41,441796,1,1823,51,0,1,1,0,1,1,13,2
937,438185,2,2144,51,0,2,1,0,0,0,40,2
937,438185,2,2144,51,0,2,1,0,2,0,49,2
510,436724,1,9,51,0,2,1,0,0,1,24,2
231,433155,1,814,6,3,5,5,0,0,1,50,2
1139,430373,2,710,5,3,1,5,0,0,0,59,2
1139,430373,2,710,5,3,1,5,0,0,1,43,2
499,426535,2,1534,19,0,5,1,0,0,0,33,2
1119,435538,2,1915,2,0,2,1,0,0,1,22,2
1157,437046,2,820,51,0,5,1,0,0,0,31,2
1157,437046,2,820,51,0,5,1,0,2,1,6,2
1157,437046,2,820,51,0,5,1,0,2,0,3,2
1332,425867,2,901,49,3,5,1,0,0,1,45,2
1332,425867,2,901,49,3,5,1,0,2,1,67,2
451,436873,2,840,25,0,5,1,11,0,1,28,2
940,436800,1,1200,51,0,5,1,9,1,0,40,1
940,436800,1,1200,51,0,5,1,9,0,1,24,2
1502,432100,2,1230,10,0,5,1,0,0,1,80,2
1502,432100,2,1230,10,0,5,1,0,2,0,78,1
1502,432100,2,1230,10,0,5,1,0,0,0,60,2
1091,432550,2,1315,5,0,5,1,0,0,1,42,2
1507,445753,1,1445,0,0,5,1,0,0,1,59,2
205,439358,3,1011,51,0,5,1,0,0,1,83,2
840,433796,2,1909,51,0,2,1,11,0,1,25,1
497,424375,2,1130,51,0,5,1,0,0,1,30,2
1016,426514,2,1243,48,0,5,1,0,0,0,23,2
847,433763,1,1155,51,0,5,1,14,2,1,65,2
85,434056,2,1615,16,3,5,1,0,0,0,45,2
412,435738,1,1920,51,0,2,1,0,1,0,23,2
272,440393,3,905,51,3,5,1,11,0,1,47,1
598,438559,1,1019,7,3,5,1,0,1,0,43,0
1055,433861,2,1450,51,0,5,1,14,2,0,75,2
489,436032,2,1631,25,0,5,1,1,1,0,19,1
1366,433577,2,1805,43,0,2,1,4,0,1,22,1
736,432562,2,1936,51,3,2,1,13,0,1,52,2
736,432562,2,1936,51,3,2,1,13,2,0,40,2
1302,425846,2,2003,49,0,4,1,0,0,1,27,2
1302,425846,2,2003,49,0,4,1,0,2,1,27,2
1302,425846,2,2003,49,0,4,1,0,2,0,45,2
1302,425846,2,2003,49,0,4,1,0,2,1,5,2
1302,425846,2,2003,49,0,4,1,0,2,0,45,2
1302,425846,2,2003,49,0,4,1,0,2,0,14,2
583,436980,2,2024,51,0,2,1,0,0,1,77,2
583,436980,2,2024,51,0,2,1,0,0,1,26,2
583,436980,2,2024,51,0,2,1,0,2,1,25,2
583,436980,2,2024,51,0,2,1,0,2,1,27,2
310,434125,2,1810,16,3,2,1,4,0,1,30,0
310,434125,2,1810,16,3,2,1,0,0,1,72,2
310,434125,2,1810,16,3,2,1,0,2,0,70,1
1309,436116,2,2000,51,0,2,1,0,0,0,33,2
1309,436116,2,2000,51,0,2,1,0,0,1,55,2
708,433854,2,950,2,0,5,1,0,2,0,43,2
1045,434324,1,1718,51,3,2,5,13,1,0,6,1
1202,434884,2,1430,43,0,5,1,11,0,1,42,2
852,434362,2,1815,51,3,2,5,0,2,0,56,2
494,426242,2,1055,18,0,5,1,0,0,0,84,2
738,431816,2,1450,51,0,5,1,11,0,1,24,2
677,433497,2,1740,51,0,2,1,0,0,1,39,2
783,434337,2,1302,51,0,5,1,11,0,1,19,2
1121,434662,1,1144,51,0,5,1,0,1,0,20,2
363,428772,2,800,15,0,5,1,0,2,0,12,2
363,428772,2,800,15,0,5,1,0,2,0,12,2
248,437864,1,1415,51,0,5,1,0,1,1,21,2
754,432753,1,1730,51,0,2,1,0,1,1,24,2
78,439384,2,1811,17,3,2,1,10,0,1,25,2
8,443325,2,1630,51,0,2,1,0,0,0,47,2
835,433900,2,1900,51,0,2,1,11,0,0,22,2
879,431183,1,1900,51,0,2,1,0,1,0,14,1
1475,426776,1,1500,51,0,5,1,0,1,0,52,2
276,432450,3,2024,51,0,2,1,0,2,1,15,1
652,433534,2,1700,3,0,1,1,0,0,1,55,2
1000,436997,1,1130,51,0,5,1,0,1,0,81,1
657,433048,2,645,51,3,2,5,9,0,1,50,2
786,436617,1,800,51,0,5,1,0,1,0,15,2
960,438714,3,918,51,0,5,1,0,0,1,63,2
428,431207,2,810,51,3,5,1,9,0,1,25,2
1527,427768,2,1429,51,0,5,1,5,0,1,16,2
884,434973,2,2015,51,3,1,1,0,2,0,34,2
884,434973,2,2015,51,3,1,1,0,2,0,26,2
935,426522,3,1450,49,3,5,1,0,0,1,74,2
585,436994,1,1800,42,0,2,1,0,1,1,75,2
585,436994,1,1800,42,0,2,1,0,1,1,59,1
362,429714,2,1854,50,3,2,1,15,0,1,57,2
500,434657,1,1930,51,3,2,1,0,1,1,12,1
808,431295,2,2123,51,3,2,1,11,0,1,19,2
671,438756,4,2038,51,0,2,1,0,0,1,48,2
502,434513,2,1100,51,3,5,1,0,0,0,23,2
768,432296,2,1435,50,3,5,1,0,0,1,31,2
450,433895,3,1728,51,0,2,1,0,0,1,46,2
450,433895,3,1728,51,0,2,1,0,0,0,40,2
140,433585,2,715,51,0,1,1,9,0,1,46,2
140,433585,2,715,51,0,1,1,9,2,0,48,1
512,427777,5,1033,30,3,5,1,0,0,1,32,2
614,436547,1,830,51,0,5,1,14,2,0,72,2
944,433451,1,1331,51,0,5,1,14,2,0,33,2
490,430307,2,1625,6,0,5,1,0,2,0,52,2
1167,439738,2,855,51,0,5,1,0,0,1,24,2
127,427902,2,947,18,0,5,1,0,0,1,55,2
1279,434039,1,1200,12,0,5,1,14,1,1,20,1
1300,429590,2,730,11,3,1,1,0,0,1,30,2
1082,435719,2,1715,51,0,2,1,0,0,0,51,2
943,433338,2,900,51,0,5,1,11,0,1,39,2
251,436012,2,1900,42,3,2,5,0,0,1,49,1
251,436012,2,1900,42,3,2,5,0,2,0,54,1
251,436012,2,1900,42,3,2,5,0,0,1,42,2
126,432162,5,430,51,3,2,4,0,0,1,21,1
126,432162,5,430,51,3,2,4,0,2,0,20,2
451,434540,2,805,17,3,5,2,11,0,0,27,2
462,430880,2,845,6,3,5,5,15,2,0,21,2
1326,432773,1,1438,51,0,5,1,0,1,0,3,2
1233,436882,1,1600,51,0,5,1,0,1,0,39,2
1344,433570,2,2000,43,0,2,1,0,0,1,35,2
921,435259,1,40,51,0,2,1,0,2,1,18,1
894,433809,1,1640,51,0,5,1,14,2,0,35,2
340,435582,2,2056,17,3,2,5,0,2,0,44,2
1390,440373,2,935,2,3,5,1,0,0,1,69,2
1312,434122,2,1300,51,0,5,1,0,2,0,59,2
1451,425628,2,1350,49,0,5,1,0,2,0,16,2
1451,425628,2,1350,49,0,5,1,0,2,1,15,2
1521,431859,2,1855,10,0,2,1,0,0,1,36,2
1521,431859,2,1855,10,0,2,1,0,0,1,49,2
1329,425866,2,2149,49,0,0,1,0,0,1,46,2
1329,425866,2,2149,49,0,0,1,0,2,1,1,1
1329,425866,2,2149,49,0,0,1,0,0,1,55,1
1329,425866,2,2149,49,0,0,1,0,2,0,52,1
1329,425866,2,2149,49,0,0,1,0,2,1,16,1
106,436562,2,1245,51,3,5,3,0,2,0,39,2
95,434915,1,1506,51,3,5,5,0,1,0,13,2
824,433752,1,1629,51,0,5,1,0,1,0,37,2
977,433326,1,1015,5,0,5,1,0,1,1,31,2
1114,428514,2,1515,51,0,5,1,0,0,0,30,2
329,427417,1,1526,51,0,5,1,0,1,1,12,1
230,433158,2,1822,6,0,2,1,11,0,1,45,2
589,433139,2,43,16,3,2,4,0,0,1,26,2
589,433139,2,43,16,3,2,4,0,2,1,20,2
917,432699,2,905,19,0,5,1,11,0,1,17,2
442,435929,2,1730,51,3,2,5,11,0,0,21,2
1373,433602,1,1500,43,0,5,1,0,1,0,11,2
1361,436579,1,900,51,0,5,1,0,1,1,7,2
81,434127,2,1830,16,0,1,1,0,0,0,27,2
50,445124,2,1004,51,0,5,1,11,0,1,72,1
1244,429742,2,1130,11,0,5,1,10,0,1,48,1
959,438444,1,1216,51,0,5,1,0,1,1,71,2
644,431052,2,1430,51,0,5,1,0,0,1,39,2
210,434446,2,1810,51,0,2,1,11,0,1,26,2
364,433498,2,33,51,0,1,1,14,2,1,81,2
109,434242,1,50,51,0,2,1,0,1,0,20,2
889,424224,2,320,48,0,0,1,0,0,1,33,2
889,424224,2,320,48,0,0,1,0,0,1,36,2
889,424224,2,320,48,0,0,1,0,2,0,42,1
437,432594,2,1813,51,3,2,1,11,0,1,56,2
721,430434,2,2320,51,3,2,5,15,0,1,36,2
721,430434,2,2320,51,3,2,5,15,2,1,51,2
721,430434,2,2320,51,3,2,5,15,2,0,46,2
1426,433868,2,4,51,3,3,5,2,1,1,36,1
227,432898,2,1445,39,0,5,1,0,0,1,32,2
42,441799,2,810,51,3,5,5,0,0,0,53,1
853,431982,2,825,50,0,5,1,0,0,0,37,2
180,428058,2,1240,8,3,5,1,0,2,0,65,2
667,426408,2,1425,49,3,5,5,0,0,1,64,2
1142,428200,2,754,48,0,5,1,10,0,1,51,1
1253,427586,2,800,20,0,5,1,0,0,0,35,2
177,430226,1,1425,51,0,5,1,13,1,1,47,1
730,434236,2,1643,3,0,1,1,0,2,1,56,2
850,432871,2,1813,51,0,2,1,11,0,1,23,2
611,434635,2,1630,51,0,5,1,0,0,0,26,2
1213,434874,2,658,51,3,2,5,9,0,1,21,1
7,441398,2,720,51,0,1,1,0,0,1,33,2
7,441398,2,720,51,0,1,1,0,2,0,32,2
118,433356,1,1221,51,0,5,1,0,1,1,66,2
760,427582,1,1246,51,3,5,5,0,1,0,19,1
763,438126,1,1551,51,0,5,1,0,1,0,15,2
1026,437866,2,1626,51,3,5,1,0,0,0,28,2
1026,437866,2,1626,51,3,5,1,0,2,0,58,2
557,437147,1,1815,51,0,2,1,0,1,1,50,2
569,434981,2,1835,51,3,2,5,11,0,1,22,2
548,431349,2,1146,51,0,5,1,0,0,0,54,2
548,431349,2,1146,51,0,5,1,0,0,0,83,2
169,434879,2,1255,51,0,5,1,11,0,1,28,2
73,434447,2,1340,16,0,5,1,0,0,0,25,2
73,434447,2,1340,16,0,5,1,0,2,0,25,2
73,434447,2,1340,16,0,5,1,0,0,0,29,2
1549,433207,2,1836,21,0,1,1,0,0,0,25,2
1549,433207,2,1836,21,0,1,1,0,2,1,27,2
1549,433207,2,1836,21,0,1,1,0,0,1,44,2
1214,434027,2,815,51,0,5,1,11,0,1,16,2
247,434370,2,1030,16,3,5,5,0,0,1,33,2
402,434815,1,1435,17,3,5,5,13,1,0,32,2
1118,435552,1,1900,51,3,2,5,0,1,1,44,2
258,435780,1,1910,51,0,2,1,0,1,1,44,2
114,428745,2,820,51,3,5,1,0,0,0,39,2
616,433371,1,1110,2,0,5,1,14,2,0,2,2
1411,431159,2,2045,48,3,0,5,0,0,0,36,2
1411,431159,2,2045,48,3,0,5,0,2,1,32,2
882,433530,1,910,51,0,5,1,14,2,0,23,2
635,435464,1,1405,25,0,5,1,0,1,1,21,2
211,438418,2,826,51,3,5,1,9,0,1,20,1
406,433521,1,1130,51,0,5,1,0,1,0,48,2
906,433853,2,2015,51,3,2,5,0,0,1,31,2
906,433853,2,2015,51,3,2,5,0,2,1,9,2
906,433853,2,2015,51,3,2,5,0,2,1,7,2
737,433965,1,1312,51,0,5,1,13,1,0,64,2
164,429921,2,1515,2,0,5,1,11,0,1,73,2
1014,433454,1,945,51,0,5,1,14,2,0,80,2
1269,434029,2,1715,43,0,1,1,11,0,0,45,2
480,434081,2,2055,51,0,2,1,0,0,0,35,2
480,434081,2,2055,51,0,2,1,0,0,0,42,2
672,431919,2,817,51,0,5,1,0,0,1,44,2
696,433759,2,1410,2,3,5,5,0,2,1,37,2
1065,435256,1,1700,51,0,1,1,0,1,0,7,2
62,440962,2,1038,51,3,5,1,0,0,0,23,2
1047,434811,2,2207,51,0,2,1,0,0,1,57,2
1047,434811,2,2207,51,0,2,1,0,2,0,22,2
1283,426326,2,853,35,0,5,1,0,0,0,34,2
1283,426326,2,853,35,0,5,1,0,0,1,42,2
1285,425886,2,1535,49,0,5,1,0,0,0,31,2
24,444527,4,1738,51,0,1,1,9,0,1,20,0
1383,436924,2,2015,7,0,2,1,11,0,1,15,1
1093,425103,2,2030,48,0,2,1,0,0,0,24,1
1093,425103,2,2030,48,0,2,1,0,0,1,42,2
430,431237,2,1334,8,0,5,1,0,0,0,36,2
430,431237,2,1334,8,0,5,1,0,2,0,33,2
185,428173,2,1400,8,0,5,1,10,0,1,46,1
408,435265,2,1327,51,0,5,1,0,2,0,67,2
342,433335,2,1440,51,0,5,1,11,0,1,4,2
544,434362,2,1442,51,0,5,1,0,0,1,37,2
870,433081,2,1453,51,0,5,1,10,0,1,56,1
486,436095,1,2322,25,3,2,5,0,1,0,45,2
976,428405,2,1330,51,3,5,5,11,0,1,32,2
989,432299,2,1715,5,0,1,1,0,0,1,26,2
1294,429707,2,2115,48,0,2,1,0,0,1,30,2
690,436087,1,735,51,0,5,1,0,1,0,18,2
228,433156,2,815,51,0,5,1,11,0,1,38,2
586,435650,2,905,25,0,5,1,11,0,0,40,2
1127,433225,1,916,51,0,5,1,0,1,0,73,2
474,434406,2,1145,51,0,5,1,0,2,0,69,2
1046,433707,1,1740,51,0,1,1,14,2,1,6,2
1544,430929,2,714,21,0,1,1,8,0,1,42,2
1307,435844,1,1015,51,0,5,1,14,2,0,89,2
330,433076,2,800,51,0,5,1,9,0,1,51,2
252,438930,3,1900,51,0,2,1,0,0,0,31,2
1061,433679,1,1950,12,0,2,1,0,1,1,27,2
811,428088,2,1610,51,0,5,1,0,0,0,36,2
746,437762,2,820,51,0,5,1,11,0,1,40,2
529,429560,1,1815,19,3,2,5,0,1,1,16,1
481,435714,2,1745,51,3,1,4,11,0,1,21,2
577,434562,2,2300,51,0,2,1,11,0,1,48,2
174,434259,2,37,51,0,1,1,0,0,1,36,2
51,433957,2,1440,39,0,5,1,0,0,1,39,2
89,434608,2,1210,41,3,5,1,0,0,0,44,2
594,433218,2,1350,2,0,5,1,0,0,0,30,2
26,445015,2,1640,25,3,5,1,0,2,1,46,2
556,431580,2,1815,15,3,2,5,0,0,1,43,2
1138,434915,2,1930,51,3,2,1,11,0,1,27,2
79,434543,2,1825,51,0,1,1,11,0,1,20,2
984,433352,1,2245,5,3,2,1,0,1,1,21,2
212,425559,2,1000,30,3,5,3,0,2,0,29,2
1404,428266,2,1240,14,0,5,1,0,2,0,27,2
347,428469,1,1355,51,3,5,1,0,1,0,43,2
1040,435810,3,1946,51,0,1,1,0,2,1,31,2
1040,435810,3,1946,51,0,1,1,0,2,1,19,2
819,432530,2,1230,19,0,5,1,0,0,1,36,2
998,435528,2,845,51,3,5,1,11,0,1,33,1
1120,435529,2,850,2,3,5,5,0,0,1,23,2
168,443388,1,900,51,1,5,5,0,0,0,30,2
1240,436886,3,755,51,3,5,6,11,0,1,10,2
1524,427852,2,955,51,3,5,1,5,0,1,16,2
104,432530,2,1645,51,0,5,1,0,0,1,27,2
1218,438027,3,1652,51,0,5,0,0,0,0,54,2
1479,432248,2,1650,14,0,5,1,10,0,1,26,2
916,433299,1,1935,51,0,2,1,0,1,1,16,1
739,433964,1,1830,51,0,1,1,5,1,1,26,2
1405,435761,2,1115,7,3,5,5,0,0,0,28,2
1296,425850,1,1130,49,3,5,5,0,0,1,27,2
1271,435237,2,1322,51,3,5,4,0,2,0,39,2
823,433712,1,1345,51,3,5,5,0,1,0,35,2
774,433786,1,1500,51,0,5,1,14,2,0,64,2
573,434227,1,1634,51,0,5,1,14,2,0,22,2
573,434227,1,1634,51,0,5,1,14,2,0,22,2
637,435464,1,1910,25,3,2,5,0,1,0,23,2
992,436425,2,1918,51,3,2,5,0,2,1,47,2
992,436425,2,1918,51,3,2,5,0,2,0,12,2
992,436425,2,1918,51,3,2,5,0,2,0,9,2
218,443470,2,820,25,3,5,1,0,0,0,52,2
2,442017,2,1235,51,0,5,1,0,0,1,21,2
2,442017,2,1235,51,0,5,1,0,0,1,90,2
2,442017,2,1235,51,0,5,1,0,2,0,84,2
1470,432793,2,1716,51,0,1,1,0,0,0,75,1
1188,427085,2,1755,48,0,1,1,0,0,1,31,2
1471,436494,2,900,51,0,5,1,10,0,1,24,2
551,426302,2,830,51,0,5,1,11,0,1,12,2
1375,433611,1,1200,43,0,5,1,0,1,0,17,1
500,434585,2,1420,51,0,5,1,0,2,0,19,2
1377,434784,3,1635,51,0,5,1,0,0,0,30,2
195,438895,2,1815,51,0,1,1,0,2,1,21,2
195,438895,2,1815,51,0,1,1,0,2,1,20,2
195,438895,2,1815,51,0,1,1,0,2,1,19,2
831,431254,4,403,2,0,2,1,0,0,0,19,2
1487,432404,1,1230,10,0,5,1,0,1,1,89,2
1031,433558,2,1200,19,0,5,1,0,0,0,26,1
290,428089,1,1230,15,0,5,3,0,2,0,12,1
290,428089,1,1230,15,0,5,3,0,2,0,10,1
1334,433684,2,1251,51,0,5,1,0,2,0,9,2
1334,433684,2,1251,51,0,5,1,0,2,1,8,2
67,439684,2,1320,37,0,5,1,0,0,0,71,2
67,439684,2,1320,37,0,5,1,0,2,0,77,2
698,434952,1,1514,25,0,5,1,14,1,1,27,2
600,432733,2,1940,51,0,2,1,5,0,1,53,2
1250,434336,1,2040,34,0,2,1,0,1,1,9,2
1533,449085,2,1245,51,0,5,1,11,0,1,42,2
1337,429208,2,635,11,0,2,1,10,0,1,59,1
801,436591,3,730,5,0,1,1,14,0,1,23,2
560,433061,2,750,39,0,5,1,0,2,0,24,2
993,434833,6,1030,2,0,5,1,0,0,1,18,2
993,434833,6,1030,2,0,5,1,0,2,1,17,2
283,434252,2,1258,16,0,5,1,0,0,0,29,2
283,434252,2,1258,16,0,5,1,0,2,1,32,2
197,435382,2,800,22,0,5,1,11,0,1,14,2
1350,437720,3,708,51,0,1,1,0,0,0,21,2
385,436030,1,1000,51,0,5,1,0,1,0,35,2
260,436499,2,1700,17,0,1,1,11,0,1,51,2
1204,434830,1,1500,43,0,5,1,14,2,0,1,2
1010,432090,2,540,11,3,2,1,11,0,1,29,2
305,432244,3,1124,6,3,5,5,0,0,0,20,2
654,433651,1,1455,3,3,5,5,0,1,0,52,1
815,434185,1,1522,51,3,5,5,13,1,1,19,2
298,434389,2,1543,51,0,5,1,0,0,0,31,2
1066,435244,2,1625,51,3,5,1,9,0,1,24,2
1450,429504,2,1640,51,3,5,5,13,0,1,35,2
458,431075,2,1716,6,0,2,1,0,2,0,20,2
458,431075,2,1716,6,0,2,1,0,2,0,26,2
296,438089,2,1730,7,3,1,1,9,0,1,20,2
610,425826,2,1032,51,0,5,1,0,0,1,46,2
262,435052,5,1440,51,0,5,1,13,0,1,35,2
609,429770,3,1549,19,0,5,1,0,2,1,9,2
1529,445622,1,1620,51,0,5,1,0,1,1,4,2
460,427927,2,30,51,0,2,1,0,0,0,33,2
1029,431373,2,1130,51,0,5,1,11,0,1,21,2
36,440944,2,1237,17,0,5,1,11,0,1,39,2
1275,434016,2,1550,12,0,5,1,14,2,0,11,2
1005,433396,2,1600,19,0,5,1,14,2,0,20,2
1126,434938,1,1930,51,0,1,1,0,1,1,4,2
728,431134,2,1200,51,0,5,1,0,0,1,58,2
574,427719,1,1559,19,0,5,1,0,0,1,51,2
574,427719,1,1559,19,0,5,1,0,2,0,60,2
742,430910,1,1812,51,0,1,1,6,1,0,5,2
20,442074,1,945,51,0,5,1,5,0,1,17,2
343,433090,1,1733,51,0,1,1,0,1,1,31,1
931,431832,2,1853,5,0,1,1,0,2,0,27,2
931,431832,2,1853,5,0,1,1,0,0,0,23,2
931,431832,2,1853,5,0,1,1,0,2,0,20,2
1313,433102,2,1919,51,0,1,1,9,0,1,17,2
103,432953,2,1025,51,0,5,1,0,0,1,76,2
665,433091,2,1610,51,0,5,1,11,0,1,22,2
669,438586,2,1525,7,0,5,1,0,0,0,44,2
759,433662,1,2350,51,0,2,1,0,1,0,44,1
295,437991,1,535,51,0,2,1,9,0,1,18,1
515,435783,1,740,25,0,5,1,0,0,1,19,2
400,430496,3,830,50,0,5,1,0,0,1,53,2
400,430496,3,830,50,0,5,1,0,0,0,36,2
400,430496,3,830,50,0,5,1,0,0,1,41,2
593,433212,3,1100,2,0,5,1,0,0,0,23,2
1272,435237,2,1830,51,0,1,1,11,0,0,58,2
338,435587,2,1200,42,0,5,1,15,2,0,25,2
54,440261,2,1330,17,0,5,1,0,0,0,22,2
566,431542,2,1751,15,0,1,1,10,0,1,29,2
1385,425922,2,1750,49,0,1,1,0,2,1,51,2
722,433658,1,1755,51,0,1,1,0,1,1,45,2
1553,438846,4,1010,0,0,5,1,0,0,1,71,2
1553,438846,4,1010,0,0,5,1,0,2,1,38,2
1422,428343,3,1050,14,0,5,1,0,0,1,53,2
1422,428343,3,1050,14,0,5,1,0,0,0,25,2
1552,435482,2,1145,27,0,5,1,11,0,1,36,1
371,438031,2,1035,7,0,5,1,0,2,0,9,2
821,431015,2,1120,51,0,5,1,0,2,0,6,2
1321,436976,6,1320,51,0,5,1,0,0,0,70,2
1321,436976,6,1320,51,0,5,1,0,0,1,38,2
1321,436976,6,1320,51,0,5,1,0,2,0,51,2
899,434369,2,1403,51,0,5,1,11,0,1,26,2
1042,433693,1,1300,51,0,5,1,14,2,0,35,2
994,438025,1,1600,51,0,5,1,0,1,1,9,1
755,430612,2,1700,19,0,1,1,0,0,1,18,2
755,430612,2,1700,19,0,1,1,0,2,0,18,2
386,438037,2,2145,7,0,2,1,11,0,1,56,2
67,439687,1,2253,17,0,2,1,0,1,0,45,2
227,432898,2,2325,51,0,2,1,0,0,0,19,2
1083,432720,2,905,10,0,5,1,0,0,0,38,2
1083,432720,2,905,10,0,5,1,0,0,1,57,2
1239,434818,1,1215,51,0,5,1,9,0,1,21,2
1540,429691,2,1615,21,0,5,1,0,0,0,19,2
1540,429691,2,1615,21,0,5,1,0,0,0,44,2
1540,429691,2,1615,21,0,5,1,0,2,0,6,2
1540,429691,2,1615,21,0,5,1,0,2,1,9,2
1540,429691,2,1615,21,0,5,1,0,2,1,49,2
1289,433781,1,1621,51,0,5,1,0,1,0,6,2
902,431606,1,1724,50,0,1,1,9,0,1,57,1
255,437867,3,1255,7,0,5,1,0,0,1,54,2
1374,431300,1,650,48,0,1,1,0,0,1,32,2
184,428194,2,1100,18,0,5,1,10,0,1,74,2
556,433117,3,1445,39,0,5,1,0,0,1,57,2
813,438656,1,1536,5,0,5,1,0,1,1,70,2
668,430757,1,1550,51,0,5,1,15,1,1,6,2
1206,426187,2,1817,49,0,1,1,0,0,1,30,2
1430,441867,2,851,51,0,5,1,0,0,0,70,2
423,439260,2,1620,51,0,5,1,0,2,1,9,2
423,439260,2,1620,51,0,5,1,0,2,0,70,2
35,434092,4,1700,16,0,1,1,0,0,1,39,2
1314,435142,2,1229,51,0,5,1,15,2,0,41,2
468,431683,2,1500,8,0,5,1,0,2,0,7,2
1038,433617,2,1536,19,0,5,1,14,2,0,21,2
588,425374,2,1900,51,0,1,1,0,0,1,25,2
287,438730,1,1102,51,0,5,1,0,1,1,15,1
1228,433922,1,1830,51,0,1,1,0,1,1,54,2
360,427289,2,2120,51,3,2,1,0,0,1,26,2
360,427289,2,2120,51,3,2,1,0,0,1,60,2
830,431222,2,2342,51,3,2,5,11,0,1,24,2
769,438889,1,2343,7,0,2,1,0,2,1,12,2
941,434569,2,1313,51,0,5,1,0,0,0,49,2
865,433407,1,1600,51,0,5,1,14,1,0,45,2
405,437353,3,1625,25,0,5,1,0,2,0,56,2
1288,434059,2,2145,12,0,2,1,0,0,0,26,2
965,434777,2,1454,51,0,5,1,0,0,1,24,2
158,437649,2,1545,7,0,5,1,0,2,1,20,2
1382,435739,1,1816,51,0,1,1,14,2,0,47,2
74,435169,1,1945,7,3,1,5,0,0,1,20,2
961,438592,2,2047,51,0,1,1,0,0,1,20,2
1292,425854,1,2210,49,3,2,5,0,2,0,36,2
590,433187,2,2312,2,3,2,1,0,2,0,15,2
590,433187,2,2312,2,3,2,1,0,2,0,43,2
1048,434803,2,1130,51,0,5,1,0,2,0,26,2
606,433303,3,1300,2,0,5,1,0,2,0,40,2
606,433303,3,1300,2,0,5,1,0,0,1,63,2
10,442615,3,1040,17,0,5,1,0,0,0,81,1
451,434540,2,750,17,0,5,1,11,0,1,42,2
97,436128,5,1715,7,0,1,1,0,0,0,49,2
1264,434095,2,1015,43,0,5,1,12,2,0,81,2
419,433634,2,2107,16,0,1,1,0,0,0,24,2
419,433634,2,2107,16,0,1,1,0,0,1,33,2
483,430316,2,2119,6,0,2,1,9,0,1,19,2
1446,433588,2,1442,7,0,5,1,0,0,1,77,2
316,435592,3,1640,42,0,5,1,0,0,0,64,2
316,435592,3,1640,42,0,5,1,0,2,0,62,2
316,435592,3,1640,42,0,5,1,0,0,1,65,2
1328,435138,2,2313,51,0,2,1,0,0,1,37,2
1501,432016,1,815,36,0,5,1,0,0,1,20,2
98,432953,2,1539,51,0,5,1,13,1,0,18,2
1254,444975,1,1550,24,0,5,1,8,1,0,57,0
1330,427934,2,2050,20,0,2,1,0,2,1,49,2
1330,427934,2,2050,20,0,2,1,0,2,0,25,2
1330,427934,2,2050,20,0,2,1,0,2,0,7,2
440,437004,2,903,25,0,5,1,11,0,1,26,2
319,435591,2,1150,42,0,5,1,15,0,1,52,2
319,435591,2,1150,42,0,5,1,15,2,1,31,2
319,435591,2,1150,42,0,5,1,0,2,0,37,2
1234,435865,1,1920,2,0,1,1,14,2,0,3,2
520,434454,2,1910,51,0,1,1,14,2,1,60,2
1096,429883,2,1645,51,0,5,1,9,0,1,28,2
423,437201,2,1711,25,0,1,1,11,0,1,33,2
680,433501,3,1605,51,0,5,1,0,0,0,27,2
973,434111,1,1847,51,0,1,1,14,1,1,24,2
503,434518,2,450,51,0,1,1,11,0,1,41,2
1485,432432,2,1100,10,0,5,1,10,0,1,62,1
1485,432432,2,1100,10,0,5,1,10,2,0,55,2
1340,441227,2,1410,51,0,5,1,0,0,1,42,2
259,437877,2,705,7,0,1,1,0,0,1,23,2
1481,432410,2,1702,10,0,1,1,4,0,1,56,1
984,435329,2,1709,51,0,1,1,0,0,0,34,2
984,435329,2,1709,51,0,1,1,0,2,0,15,2
984,435329,2,1709,51,0,1,1,0,0,1,25,2
1416,427756,2,1830,11,0,1,1,10,0,1,37,2
1416,427756,2,1830,11,0,1,1,10,2,0,35,2
472,436300,1,1031,25,0,5,1,15,2,1,63,2
767,432963,1,1600,51,0,5,1,0,1,0,24,2
1276,433142,2,1645,51,0,5,1,0,2,1,42,2
1276,433142,2,1645,51,0,5,1,0,2,0,13,2
137,437421,2,1650,7,0,2,1,0,2,1,20,2
640,433603,2,835,17,0,5,1,11,0,1,33,2
284,428582,2,741,51,0,5,1,0,0,0,30,2
1257,426585,2,730,51,0,1,1,11,0,1,13,1
456,433001,2,1550,39,0,5,1,15,1,1,13,2
1184,438093,2,1918,51,0,1,1,0,0,0,50,2
613,440085,2,816,51,3,5,1,11,0,1,33,2
1162,426285,2,831,49,0,5,1,0,0,1,51,2
1162,426285,2,831,49,0,5,1,0,0,1,39,2
700,434940,1,1300,25,0,5,1,14,2,0,75,2
393,432850,2,1641,51,0,5,1,11,0,1,38,2
724,432910,2,1900,51,0,1,1,0,0,1,27,2
826,433947,1,1910,25,0,1,1,14,2,0,41,2
1453,431954,1,2230,51,0,0,1,0,0,1,18,2
1453,431954,1,2230,51,0,0,1,0,2,0,19,2
1453,431954,1,2230,51,0,0,1,0,2,1,18,2
1453,431954,1,2230,51,0,0,1,0,2,0,17,2
1208,433906,2,805,51,0,5,1,15,0,1,34,2
122,443530,2,906,51,0,5,1,6,0,0,48,2
1298,425843,2,1020,49,0,5,1,13,0,1,56,2
983,434169,2,902,5,0,5,1,14,2,0,51,2
94,434072,2,1457,51,0,5,1,0,0,0,57,2
1199,434684,2,1624,51,0,5,1,0,0,1,29,2
1199,434684,2,1624,51,0,5,1,0,2,0,2,2
1199,434684,2,1624,51,0,5,1,0,2,1,1,2
1199,434684,2,1624,51,0,5,1,0,0,1,28,2
381,437312,2,954,51,0,5,1,0,0,0,62,2
1006,435807,1,1652,51,0,5,1,0,1,1,4,0
1104,435238,2,100,2,3,2,1,0,2,0,18,2
101,440794,3,1500,51,0,5,1,0,0,0,21,2
101,440794,3,1500,51,0,5,1,0,2,0,20,2
1023,432152,2,1949,5,0,1,1,10,0,1,17,1
771,433435,1,2142,51,0,2,1,15,1,0,38,2
149,428001,2,315,18,0,2,1,0,0,0,21,2
441,435271,1,2000,51,0,1,1,15,2,0,20,2
269,433388,2,1440,51,0,5,1,10,0,1,21,1
709,433890,1,2135,3,0,2,1,0,0,1,31,2
1011,434453,2,2200,51,0,1,1,0,0,1,31,2
1122,435539,2,6,2,0,2,1,0,0,1,21,2
199,439021,2,825,51,0,5,1,0,1,0,50,2
744,433030,2,830,51,0,5,1,11,0,1,29,2
1078,434088,2,930,51,0,5,1,0,2,0,55,1
1211,438757,1,1530,51,0,5,1,13,1,1,40,1
38,445827,1,1510,46,0,5,1,0,1,0,11,1
17,442128,1,1800,17,0,1,1,10,0,1,19,2
1423,434705,1,1620,51,0,5,1,14,2,0,87,2
757,435223,2,1935,51,0,1,1,11,0,1,8,2
735,435398,2,134,51,0,2,1,0,0,1,26,2
348,437940,2,750,51,0,5,1,0,0,1,25,2
812,427803,2,1125,51,3,5,1,9,0,1,19,2
1155,430307,2,1227,5,0,5,1,14,2,1,82,2
676,433851,1,1516,51,0,5,1,0,0,0,63,2
200,435319,1,1531,22,0,5,1,14,2,0,74,2
206,435112,2,2100,51,0,1,1,9,0,0,29,2
271,434438,2,753,51,0,5,1,11,0,1,10,2
1439,434233,1,1025,51,0,5,1,0,1,0,86,2
842,432863,2,1540,19,0,5,1,0,0,1,26,2
933,434659,2,1650,2,0,5,1,4,0,1,47,2
1160,433574,1,1540,12,0,5,1,14,2,1,1,2
664,429898,1,1755,51,0,1,1,0,2,1,1,2
625,432434,2,1745,51,0,1,1,4,0,1,40,1
309,436979,2,2036,51,0,1,1,0,0,1,24,2
872,435038,2,816,51,0,5,1,5,0,0,23,2
250,437877,2,746,51,0,5,1,11,0,1,29,2
453,433720,2,915,16,0,5,1,14,2,0,18,2
453,433720,2,915,16,0,5,1,14,2,0,38,2
352,433301,2,1425,51,0,5,1,0,0,1,48,2
1106,426342,2,1710,51,0,1,1,0,0,0,23,2
60,436869,1,1832,51,0,1,1,0,1,1,11,2
511,436719,1,1840,51,0,1,1,0,2,1,16,2
511,436719,1,1840,51,0,1,1,0,2,0,47,2
1101,435558,2,1915,51,0,1,1,0,0,0,49,2
1140,428055,1,2040,48,0,1,1,0,0,1,67,2
361,433502,1,1850,51,0,1,1,14,2,0,48,2
1505,431091,2,1351,51,0,5,1,0,2,1,11,2
617,432369,2,2050,51,0,1,1,0,0,1,21,1
861,426449,2,610,49,0,1,1,0,0,0,39,2
88,440488,1,2030,23,0,1,1,0,1,1,24,2
1245,429200,1,802,5,0,5,1,10,0,1,54,2
1356,435982,2,1455,51,0,5,1,0,0,0,29,2
1109,435294,1,1440,2,0,5,1,0,1,1,79,1
1346,425892,3,1725,49,0,1,1,0,0,1,29,2
530,435747,2,1822,51,0,1,1,11,0,1,42,2
489,436040,2,1846,25,0,1,1,11,0,1,48,2
322,435514,2,1220,42,0,5,1,0,0,1,20,2
1415,427382,2,1955,14,0,1,1,0,0,0,24,2
1415,427382,2,1955,14,0,1,1,0,0,1,49,2
240,436682,2,615,51,0,1,1,11,0,1,58,1
1056,432112,2,655,51,0,1,1,10,0,1,23,2
470,434076,3,1255,51,0,5,1,5,0,0,18,2
1518,430973,2,1500,36,0,5,1,11,0,1,13,2
66,436820,2,750,51,0,5,1,0,2,0,9,2
1172,435855,1,745,2,0,5,1,0,1,1,16,2
389,432185,2,1527,51,0,5,1,0,0,0,24,1
1130,435383,1,1714,51,0,1,1,11,2,0,30,2
478,436194,2,1534,51,0,5,1,11,0,1,57,2
1203,426059,2,1850,49,0,1,1,0,0,0,24,2
727,431018,1,2140,51,0,1,1,12,0,1,38,2
1241,438263,2,2116,51,0,1,1,10,0,1,52,1
213,438371,1,738,51,0,5,1,0,1,0,83,1
226,432895,2,2105,51,0,1,1,9,0,1,16,1
240,434211,1,1212,51,0,5,1,14,2,0,61,2
519,429599,2,1832,6,0,1,1,0,0,0,62,1
519,429599,2,1832,6,0,1,1,0,2,0,39,2
1089,430106,2,1530,51,0,5,1,9,0,1,27,2
536,434053,2,1005,17,0,5,1,0,0,0,31,2
1152,435835,2,1120,43,0,5,1,15,2,0,54,2
157,433944,2,1100,51,0,5,1,0,0,0,42,2
1348,437033,4,1810,51,3,1,5,9,0,1,43,2
353,433743,1,1705,51,3,1,1,14,2,0,49,2
574,427725,1,2025,19,3,1,1,0,0,1,21,2
1559,431686,2,718,10,3,1,1,13,0,1,23,2
932,432640,1,820,19,3,5,5,15,1,1,12,2
773,435713,2,838,51,3,5,5,11,0,1,24,2
265,432987,1,912,39,3,5,5,14,1,1,67,2
0,442965,1,1100,51,3,5,4,0,0,1,27,2
413,431825,4,1600,2,0,5,1,0,0,1,49,2
413,431825,4,1600,2,0,5,1,11,0,1,54,2
718,433779,2,1650,2,0,5,1,10,0,1,54,2
1499,446324,2,330,48,0,0,1,0,0,1,58,2
370,432075,1,1033,51,0,5,1,9,1,1,33,2
798,427021,2,1554,20,3,5,5,15,0,1,33,2
877,427488,2,1615,51,3,5,1,0,0,1,21,2
565,429636,2,1630,6,3,5,5,0,0,1,52,2
239,434213,1,1719,51,3,1,5,0,1,0,14,1
459,436653,2,1800,25,3,1,5,11,0,1,37,2
280,437040,2,1825,51,0,1,1,0,0,0,26,2
1145,430560,1,1925,11,3,1,5,0,2,0,19,1
1145,430560,1,1925,11,3,1,5,0,0,1,20,2
1145,430560,1,1925,11,3,1,5,0,2,0,17,2
1145,430560,1,1925,11,3,1,5,0,2,0,17,2
1145,430560,1,1925,11,3,1,5,0,2,0,19,2
232,428023,2,610,51,0,1,1,0,0,1,58,2
232,428023,2,610,51,0,1,1,13,0,1,26,2
597,432714,2,630,51,0,1,1,11,0,1,40,2
1262,432360,2,1030,10,0,5,1,0,0,0,28,2
1262,432360,2,1030,10,0,5,1,0,2,0,65,2
626,436436,2,1454,51,0,5,1,0,0,1,84,2
1138,434915,1,1520,51,0,5,1,9,1,0,7,1
1272,435237,2,1535,51,0,5,1,9,0,1,25,1
1347,428545,1,1817,51,0,1,1,13,1,1,37,2
333,426287,2,2040,51,0,1,1,9,0,1,42,2
1297,427664,1,2257,20,3,2,5,0,0,1,26,1
962,433822,2,2345,5,3,1,1,10,0,1,27,2
272,440393,2,654,25,3,1,1,11,0,1,48,1
432,435934,1,5,51,0,1,1,15,2,0,20,2
186,430432,1,1330,51,3,5,5,0,1,0,43,1
186,430432,1,1330,51,3,5,5,0,1,0,43,1
473,435808,2,715,51,0,1,1,0,2,0,22,2
1410,434595,1,1510,7,3,5,5,14,2,0,78,2
1484,433152,2,1106,14,0,5,1,9,0,1,22,1
1430,441867,2,1414,2,0,5,1,0,0,1,69,2
1430,441867,2,1414,2,0,5,1,0,2,0,60,2
1247,434406,2,1825,51,0,1,1,0,0,1,19,2
1388,425912,2,1925,49,0,1,1,0,0,0,38,2
817,434076,2,1315,25,0,5,1,14,2,1,81,1
1112,435413,2,1555,51,0,5,1,0,0,0,42,2
1112,435413,2,1555,51,0,5,1,0,2,0,14,2
953,434286,2,1705,51,0,1,1,0,0,0,20,2
495,426425,3,848,49,0,5,1,0,0,0,39,2
495,426425,3,848,49,0,5,1,3,0,1,33,1
949,439089,2,917,5,0,5,1,0,2,0,25,2
667,431792,2,1011,51,0,5,1,13,0,1,50,1
444,436959,2,1730,51,0,1,1,10,0,1,72,2
1129,436072,3,1815,51,0,1,1,0,0,0,40,2
720,428153,2,812,51,0,5,1,11,0,1,44,2
196,433980,2,920,16,0,5,1,0,0,1,54,2
196,433980,2,920,16,0,5,1,0,2,1,18,2
507,426389,2,1500,49,0,5,1,0,0,1,26,2
794,433534,2,1503,51,0,5,1,14,2,0,68,2
794,433534,2,1503,51,0,5,1,14,2,0,25,2
564,434281,2,1835,51,0,1,1,0,0,0,22,1
564,434281,2,1835,51,0,1,1,0,2,0,22,1
383,438028,2,2030,25,0,1,1,11,0,0,30,1
365,433494,2,839,51,0,5,1,5,0,1,18,2
756,436620,1,1531,51,0,5,1,0,1,1,12,2
1428,425945,2,1745,49,0,1,1,0,0,1,45,2
1108,436143,2,1805,51,0,1,1,0,2,0,1,2
1394,428211,3,1700,20,0,1,1,10,0,1,59,2
143,437695,2,2000,17,0,1,1,11,0,1,30,2
21,441740,2,2110,38,0,1,1,0,0,0,18,2
898,435055,3,1200,51,0,5,1,0,0,1,43,2
734,436660,1,1245,51,0,5,1,9,0,1,29,2
1364,434839,1,1721,12,0,1,1,12,1,1,12,2
689,435030,1,2322,25,0,2,1,15,1,1,19,1
119,436375,1,2300,22,3,2,1,15,1,0,65,2
946,433454,1,450,51,0,1,1,10,1,1,27,2
924,432953,1,1720,51,0,1,1,14,2,1,18,2
270,440383,2,1310,51,0,5,1,11,0,1,49,1
1362,436574,1,2230,51,3,2,1,0,1,1,48,2
552,435252,2,1345,51,0,5,1,11,0,1,21,2
663,432674,2,750,51,0,5,1,0,2,1,34,2
1266,434009,1,943,51,0,5,1,0,1,0,27,1
836,433382,1,1524,51,0,5,1,14,2,1,74,2
1340,441230,2,725,51,0,1,1,0,0,0,29,2
731,431566,3,1048,51,0,5,1,11,0,1,19,2
1077,435239,1,1609,51,0,5,1,0,1,1,3,2
299,434400,3,1800,51,0,1,1,0,0,0,24,2
435,438752,1,1600,51,0,5,1,0,1,0,11,2
246,434208,1,1220,51,0,5,1,0,1,0,18,2
823,433712,1,1310,51,0,5,1,0,0,0,37,2
823,433712,1,1310,51,0,5,1,0,1,1,30,2
991,434255,2,1516,51,0,5,1,15,2,0,36,2
418,433624,2,1440,16,0,5,1,9,0,0,39,2
1318,433892,2,1520,10,0,5,1,14,2,0,66,2
576,437458,2,1930,51,0,1,1,9,0,1,22,2
601,433290,2,1130,51,0,5,1,14,2,0,70,2
601,433290,2,1130,51,0,5,1,0,2,0,38,2
601,433290,2,1130,51,0,5,1,0,0,1,38,2
1301,429590,2,1325,11,0,5,1,0,2,0,8,2
828,433771,1,1347,51,0,5,1,14,2,1,79,1
886,433618,1,1430,51,0,5,1,14,1,1,51,2
1235,437966,2,1300,51,0,5,1,14,2,0,32,2
1235,437966,2,1300,51,0,5,1,14,2,1,6,2
1235,437966,2,1300,51,0,5,1,14,2,0,33,2
1413,431176,2,1325,48,0,5,1,0,0,1,58,1
1413,431176,2,1325,48,0,5,1,0,2,0,60,1
1413,431176,2,1325,48,0,5,1,13,0,1,32,2
1413,431176,2,1325,48,0,5,1,13,2,1,7,2
1413,431176,2,1325,48,0,5,1,13,2,0,3,2
1447,429239,3,1430,51,0,5,1,0,2,0,35,2
1447,429239,3,1430,51,0,5,1,0,2,0,36,2
1447,429239,3,1430,51,0,5,1,0,0,0,52,2
1514,449534,2,1200,0,0,5,1,0,0,0,29,2
1260,435019,1,2115,51,0,1,1,11,0,1,39,2
908,431744,2,1007,5,3,5,5,13,0,1,62,2
576,437268,1,930,51,0,5,1,0,1,0,80,2
1210,434792,2,1731,51,0,1,1,0,0,0,29,2
716,432020,2,1750,50,3,1,5,0,0,1,29,2
716,432020,2,1750,50,3,1,5,0,0,0,38,2
344,437712,1,1455,51,3,5,4,0,1,0,12,2
528,434117,3,858,17,0,5,0,11,0,1,45,1
665,435242,2,755,25,3,5,5,11,0,1,51,1
561,433045,2,1120,39,3,5,4,15,0,1,22,2
98,440966,2,1620,23,3,5,5,9,0,1,54,1
518,436523,2,1020,51,0,5,1,11,0,0,53,2
804,435049,2,1050,51,3,5,4,11,0,0,23,2
325,427527,1,1520,32,0,5,1,0,1,1,12,2
214,425602,3,1650,30,0,5,1,0,0,0,23,2
214,425602,3,1650,30,0,5,1,0,2,1,2,2
1060,432776,1,2220,5,0,2,1,0,1,1,32,1
1500,434863,2,1018,51,3,5,5,0,0,0,49,1
930,432656,2,1324,5,0,5,1,0,2,1,22,2
1181,427228,3,1925,48,3,1,1,0,0,1,23,2
1181,427228,3,1925,48,3,1,1,0,2,0,24,2
1018,430598,2,1340,51,0,5,1,0,0,0,22,2
1018,430598,2,1340,51,0,5,1,0,0,0,35,2
170,435644,2,1647,22,0,5,1,0,0,0,37,2
170,435644,2,1647,22,0,5,1,0,2,1,25,2
170,435644,2,1647,22,0,5,1,0,0,1,36,2
170,435644,2,1647,22,0,5,1,0,2,1,6,2
1227,436891,7,1652,51,0,5,1,0,2,0,14,2
70,441149,1,1600,51,0,5,1,10,0,1,50,1
237,438073,2,1540,51,0,5,1,11,0,1,12,2
1381,436955,2,1400,7,0,5,1,0,0,1,58,2
1386,434369,1,1845,51,0,1,1,0,1,1,8,1
48,440107,1,1630,23,0,5,1,0,1,1,13,2
1156,435823,2,140,2,0,2,1,0,0,1,39,2
254,443317,2,1634,25,0,5,1,9,0,1,17,1
161,437624,2,639,7,0,1,1,0,0,1,20,2
684,430094,2,850,19,0,5,1,11,0,1,17,2
99,435795,1,2141,41,0,2,1,0,0,0,35,2
887,433622,1,1318,51,0,5,1,14,1,1,73,1
660,428697,2,1513,51,0,5,1,11,0,1,12,2
1551,431653,1,1530,10,0,5,1,10,2,0,32,2
712,433463,2,1330,51,0,5,1,0,0,0,20,2
1058,428963,2,1845,51,0,1,1,0,0,1,31,2
1088,434212,3,2042,51,0,1,1,0,0,1,25,2
1105,435915,2,1443,51,0,5,1,11,0,1,6,1
1145,435878,2,1450,43,0,5,1,11,0,1,12,1
1117,436135,2,2105,51,0,2,1,0,0,0,51,2
825,433802,1,2256,51,0,2,1,14,1,1,40,2
1535,427449,1,205,21,0,1,1,0,0,0,21,2
886,434954,2,935,51,0,5,1,11,0,1,37,2
288,426876,2,1330,18,0,5,1,0,0,0,22,2
145,434140,5,1735,16,0,1,1,0,2,0,16,2
1277,434040,2,1115,12,0,5,1,14,2,1,49,2
1277,434040,2,1115,12,0,5,1,14,2,0,54,2
1277,434040,2,1115,12,0,5,1,14,2,0,32,2
1277,434040,2,1115,12,0,5,1,14,2,0,28,2
28,441606,5,1220,17,0,5,1,0,0,1,18,2
28,441606,5,1220,17,0,5,1,0,2,1,73,2
699,434952,2,845,25,0,5,1,11,0,0,28,2
1110,435064,2,1630,51,0,5,1,11,0,1,6,2
799,428053,3,2345,51,0,2,1,0,0,0,58,2
1311,434093,2,900,12,0,5,1,11,0,1,64,2
317,436366,2,1540,51,0,5,1,0,0,0,24,2
139,439312,2,914,51,0,5,1,0,0,1,39,2
1214,434068,2,1317,51,0,5,1,0,0,1,45,2
308,438110,1,1430,7,0,5,1,0,1,1,25,2
308,438110,1,1430,7,0,5,1,0,2,0,59,2
171,444326,1,1640,25,0,5,1,0,1,0,18,0
171,444326,1,1640,25,0,5,1,0,2,1,31,2
469,431697,2,1822,8,0,1,1,0,0,0,50,2
549,426086,4,1841,18,0,1,1,0,0,0,48,2
810,433390,1,505,51,0,1,1,9,0,1,24,1
900,433862,2,1300,51,0,5,1,0,0,0,33,2
907,431747,2,1415,5,0,5,1,0,0,0,36,2
907,431747,2,1415,5,0,5,1,0,2,0,18,2
455,441656,3,1625,51,3,5,1,13,0,1,39,2
264,432956,5,1834,7,3,1,5,0,0,1,19,1
264,432956,5,1834,7,3,1,5,0,2,1,18,2
264,432956,5,1834,7,3,1,5,0,2,0,17,2
264,432956,5,1834,7,3,1,5,0,2,0,19,2
264,432956,5,1834,7,3,1,5,0,2,1,25,1
264,432956,5,1834,7,3,1,5,0,2,0,20,2
64,439806,2,1830,17,3,1,5,11,0,1,44,1
93,441921,2,1857,51,3,1,5,0,0,0,52,2
93,441921,2,1857,51,3,1,5,0,2,1,33,2
93,441921,2,1857,51,3,1,5,0,0,0,50,2
93,441921,2,1857,51,3,1,5,0,2,0,16,2
93,441921,2,1857,51,3,1,5,0,2,0,16,2
93,441921,2,1857,51,3,1,5,0,2,0,16,2
707,435417,1,2205,51,0,2,1,0,1,1,44,2
308,429181,2,1610,50,0,5,1,0,0,1,32,2
308,429181,2,1610,50,0,5,1,0,2,0,28,2
204,428547,2,1715,8,0,1,1,0,2,1,36,2
204,428547,2,1715,8,0,1,1,0,2,0,34,1
204,428547,2,1715,8,0,1,1,0,2,0,1,2
1360,440645,2,2200,51,0,0,1,0,0,1,81,1
1102,426811,2,2200,51,0,2,1,0,0,0,53,2
1057,433877,2,2318,51,0,2,1,0,2,0,83,2
782,434276,2,59,25,0,2,1,0,0,1,71,2
782,434276,2,59,25,0,2,1,0,2,0,61,2
782,434276,2,59,25,0,2,1,0,2,1,60,1
782,434276,2,59,25,0,2,1,0,2,0,33,2
782,434276,2,59,25,0,2,1,0,2,1,41,2
1458,432752,2,1201,51,0,5,1,0,0,0,60,2
1458,432752,2,1201,51,0,5,1,0,2,1,62,2
550,431347,2,1240,18,0,5,1,0,0,1,65,2
1545,431648,2,1410,10,0,5,1,11,0,1,51,2
404,432649,3,2100,51,0,1,1,0,0,1,31,2
785,434258,2,1210,25,0,5,1,11,0,1,31,1
1403,436497,3,830,12,0,5,1,0,0,1,69,2
1304,433504,2,1145,51,0,5,1,9,0,1,26,1
898,435053,2,1308,51,0,5,1,0,2,1,22,2
898,435053,2,1308,51,0,5,1,0,2,1,4,2
898,435053,2,1308,51,0,5,1,0,0,0,24,2
392,439567,2,1430,51,0,5,1,0,2,0,57,2
108,443856,3,1100,51,3,5,5,0,0,0,50,2
108,443856,3,1100,51,3,5,5,0,2,1,37,2
6,441408,2,1313,51,3,5,5,0,0,1,79,2
6,441408,2,1313,51,3,5,5,0,2,0,80,2
1284,425893,2,1025,5,3,5,5,0,0,1,56,2
1072,434776,3,1100,51,3,5,5,0,0,0,81,2
692,431411,1,1417,51,0,5,1,0,1,0,28,2
1196,442366,2,1635,5,3,5,1,0,0,0,29,2
1,442967,2,1655,51,3,5,5,0,0,1,58,1
1,442967,2,1655,51,3,5,5,0,0,0,65,2
12,442508,2,915,4,3,5,5,0,0,0,63,2
620,433965,1,2202,51,3,2,5,0,1,1,53,1
1143,425493,2,745,48,0,5,1,0,0,1,28,2
1425,433639,2,845,43,0,5,1,0,0,1,19,2
958,433454,1,930,51,0,5,1,14,2,1,18,2
958,433454,1,930,51,0,5,1,14,2,0,18,2
378,433448,1,1205,51,0,5,1,0,1,0,28,2
829,434151,2,740,51,0,5,1,11,0,1,22,2
416,426389,2,1855,18,0,1,1,11,0,1,8,1
1528,430072,2,140,51,0,2,1,9,0,1,35,1
115,435646,2,1900,51,0,1,1,0,0,1,32,2
1398,436383,2,1527,7,0,5,1,0,2,0,29,2
289,434206,1,1310,51,0,5,1,11,1,1,78,2
504,426284,2,1845,18,0,1,1,0,2,0,8,2
936,434221,2,1300,51,0,5,1,0,0,0,51,2
559,434427,2,1706,47,0,1,1,0,0,1,26,2
645,436841,2,1730,43,0,1,1,11,0,1,40,1
645,436841,2,1730,43,0,1,1,9,0,1,18,2
1358,433334,1,1839,51,0,1,1,0,1,1,9,2
194,438894,2,1700,51,0,1,1,0,0,0,18,2
194,438894,2,1700,51,0,1,1,0,2,1,18,2
173,431574,2,2055,51,0,2,1,0,0,0,79,2
1445,433821,2,16,51,0,2,1,15,2,0,17,2
1445,433821,2,16,51,0,2,1,15,2,0,16,2
207,433642,3,1327,16,0,5,1,0,0,1,23,2
517,435785,2,1342,25,0,5,1,11,0,0,20,2
1035,435807,2,1538,51,0,5,1,0,2,0,58,2
1319,431767,2,1735,51,0,1,1,0,0,1,65,2
1319,431767,2,1735,51,0,1,1,0,0,0,22,2
805,433252,2,845,51,0,5,1,11,0,1,36,2
1248,434374,2,1601,43,0,5,1,0,0,0,51,2
53,440531,1,1731,51,0,1,1,0,1,0,25,2
257,435408,1,1850,51,0,1,1,0,1,0,10,2
382,437968,2,1840,51,0,1,1,11,0,1,20,2
155,434864,2,1930,51,0,1,1,0,0,0,26,2
619,429803,2,2000,19,0,1,1,11,0,1,41,2
1025,428265,2,2209,51,0,2,1,11,0,1,20,2
1041,431446,1,820,51,0,5,1,0,1,1,33,2
268,435415,1,1505,51,0,5,1,15,1,1,15,2
315,436623,1,24,47,3,2,5,0,0,1,43,2
777,432344,1,2330,50,0,2,1,0,1,1,49,2
516,435089,2,2100,51,0,1,1,11,0,1,26,2
46,439929,1,2137,51,0,1,1,0,1,0,11,2
1387,441263,1,730,51,0,1,1,0,1,0,14,2
1255,432378,2,1630,10,0,5,1,11,0,1,20,2
1216,434085,2,1630,51,0,5,1,11,0,1,11,2
162,434769,1,1700,51,0,1,1,0,1,0,4,2
643,432443,2,1650,51,0,5,1,0,0,0,29,2
798,433416,1,1806,51,0,1,1,14,1,1,24,2
798,433416,1,1806,51,0,1,1,14,1,0,25,2
150,434669,2,757,42,0,5,1,0,0,1,20,2
150,434669,2,757,42,0,5,1,0,0,0,33,2
148,433815,2,1055,51,0,5,1,11,0,1,38,2
1560,435505,1,1221,0,0,5,1,4,0,1,23,1
1315,433956,2,1435,43,0,5,1,9,0,1,28,1
1238,435236,1,2220,51,0,2,1,0,1,1,6,2
487,436065,3,2345,25,0,2,1,5,0,1,23,2
866,433402,1,1945,51,0,1,1,11,1,0,35,2
1107,436140,2,1429,51,0,5,1,0,0,1,43,2
678,435455,1,1520,51,0,5,1,0,1,0,5,1
1557,444573,2,1550,51,0,5,1,11,0,1,43,2
304,432240,2,1805,6,0,1,1,0,0,1,43,2
509,433507,1,943,51,0,5,1,11,0,1,34,2
509,433507,1,943,51,0,5,1,11,1,0,25,2
144,432459,1,130,51,0,1,1,0,1,1,37,1
653,436937,2,1820,51,0,1,1,0,0,1,31,2
1497,447661,2,1831,2,0,1,1,4,0,1,45,1
647,431901,1,1940,51,0,1,1,0,1,1,8,2
1193,426215,4,835,48,3,5,5,0,0,1,46,2
1099,429079,1,1045,51,0,5,1,0,1,0,43,2
55,444952,2,720,51,0,1,1,0,0,0,43,2
55,444952,2,720,51,0,1,1,0,2,1,4,2
1170,436090,2,845,51,0,5,1,11,0,1,54,2
1007,433424,2,2010,5,0,1,1,0,0,0,26,2
666,431739,1,1419,51,0,5,1,0,1,1,92,1
659,429970,2,1630,51,0,5,1,11,0,0,45,1
1391,435283,2,1635,12,0,5,1,11,0,1,12,2
1243,438473,2,955,51,0,5,1,0,0,0,36,2
1243,438473,2,955,51,0,5,1,13,0,1,75,2
527,429572,2,1053,6,0,5,1,0,0,1,73,2
527,429572,2,1053,6,0,5,1,0,2,0,74,2
517,432714,3,1555,51,0,5,1,0,0,1,48,2
1437,434095,2,1700,51,0,1,1,11,0,1,11,2
1230,439364,3,2142,7,0,2,1,9,0,1,45,1
1230,439364,3,2142,7,0,2,1,9,0,1,39,2
1436,434648,2,2201,51,0,2,1,1,0,1,64,2
1131,435653,1,1400,2,0,5,1,0,1,1,23,2
980,433345,1,451,19,0,1,1,0,1,0,24,2
216,427591,3,1606,15,0,5,1,0,2,0,13,2
216,427591,3,1606,15,0,5,1,0,2,1,10,2
216,427591,3,1606,15,0,5,1,0,2,0,19,2
216,427591,3,1606,15,0,5,1,0,2,0,1,2
179,435833,2,1705,42,0,1,1,0,0,1,17,2
983,434148,2,2249,51,0,2,1,9,0,1,23,2
750,430544,1,1750,51,0,1,1,0,1,1,20,2
275,426550,1,800,30,0,5,1,0,1,1,32,2
63,445661,2,920,24,0,5,1,11,0,0,57,1
373,433456,2,1231,51,0,5,1,11,0,1,34,1
1293,435960,2,1602,51,0,5,1,0,2,0,40,2
871,431919,2,1650,50,0,5,1,10,0,1,44,2
1063,436307,2,750,43,0,5,1,11,0,1,28,2
403,434795,2,1710,23,0,1,1,11,0,1,33,2
1225,426957,2,740,5,0,5,1,0,0,1,18,2
1359,434760,2,1230,51,0,5,1,0,0,0,45,2
1440,435600,2,1900,51,0,1,1,11,0,0,59,1
761,433718,1,1305,51,0,5,1,14,2,0,50,2
433,431395,2,845,6,0,5,1,11,0,1,37,2
285,433080,2,1732,51,0,1,1,4,0,1,18,2
922,432382,2,1430,51,0,5,1,0,0,0,42,2
922,432382,2,1430,51,0,5,1,0,2,0,12,2
1135,430492,1,2125,5,0,1,1,0,0,1,23,2
1135,430492,1,2125,5,0,1,1,0,2,0,18,2
1135,430492,1,2125,5,0,1,1,0,2,1,24,2
496,432828,2,1135,39,0,5,1,14,2,0,54,2
496,432828,2,1135,39,0,5,1,14,2,0,33,2
422,433545,2,1554,51,0,5,1,11,0,0,7,2
407,433671,2,1635,16,0,5,1,11,0,1,27,2
1371,437937,2,800,51,0,5,1,11,0,1,50,2
1400,426611,2,1905,14,0,1,1,0,0,1,63,2
1400,426611,2,1905,14,0,1,1,0,0,1,36,2
1355,438404,2,1715,2,0,1,1,0,0,0,42,1
999,432290,2,1052,5,3,5,3,0,0,0,33,2
999,432290,2,1052,5,3,5,3,0,0,0,33,2
999,432290,2,1052,5,3,5,3,0,2,0,62,2
1261,432313,2,1301,10,0,5,1,0,0,1,49,2
807,445290,2,1602,51,0,5,1,10,0,1,31,2
1073,435026,1,830,51,0,5,1,0,1,1,9,2
185,444012,2,917,23,0,5,1,14,2,0,23,2
273,432854,1,1122,6,3,5,1,0,0,1,18,2
466,430806,2,1250,6,0,5,1,0,0,0,27,2
466,430806,2,1250,6,0,5,1,0,2,0,1,2
431,433572,2,1530,51,3,5,1,11,0,0,8,2
591,433148,2,800,2,3,5,5,0,0,0,27,2
648,428911,2,413,51,3,4,5,0,0,0,37,2
1327,430344,2,900,48,3,5,5,0,0,0,25,2
58,441486,2,1130,51,0,5,1,11,0,1,15,2
1530,443713,1,2240,0,3,0,5,0,0,1,63,2
90,434974,4,2330,51,3,2,1,0,0,1,27,2
90,434974,4,2330,51,3,2,1,0,2,0,23,1
891,431861,3,932,19,0,5,1,13,0,1,58,2
896,433463,2,1716,51,0,1,1,14,2,1,40,2
1154,427779,2,1230,48,0,5,1,0,0,0,33,2
1324,436922,2,1315,51,0,5,1,13,2,1,33,2
1469,430954,1,1530,51,0,5,1,6,1,0,5,2
839,431740,2,1952,19,0,1,1,11,0,1,36,2
712,438688,1,2114,7,0,1,1,0,0,1,26,2
368,433083,2,2130,39,3,2,1,0,0,1,19,2
975,433291,2,530,51,0,1,1,10,0,0,27,1
554,434455,2,816,51,0,5,1,9,0,1,26,2
1051,433817,3,1329,51,0,5,1,0,0,1,23,2
1051,433817,3,1329,51,0,5,1,0,2,1,21,1
1051,433817,3,1329,51,0,5,1,0,0,0,60,2
883,433527,1,1430,51,0,5,1,14,1,1,63,2
928,431994,2,1445,51,0,5,1,0,0,0,42,2
928,431994,2,1445,51,0,5,1,0,2,0,3,2
1226,433811,2,1546,12,0,5,1,0,0,1,54,2
475,433666,2,816,51,3,5,1,11,0,0,26,2
826,433838,2,855,51,0,5,1,11,0,0,25,2
1037,434298,2,1610,51,0,5,1,11,0,1,23,2
395,440797,1,400,25,3,0,1,0,0,1,26,1
732,433812,2,1221,51,0,5,1,11,0,0,24,2
725,432902,1,1025,51,0,5,1,13,1,1,45,2
1236,436914,2,1921,51,0,1,1,0,0,0,21,2
1236,436914,2,1921,51,0,1,1,0,2,1,20,2
5,443064,1,1950,51,0,1,1,0,1,1,11,2
879,433049,2,759,51,3,5,1,11,0,1,33,2
570,436885,2,1651,51,3,5,1,9,0,0,40,1
374,438017,2,2050,25,3,2,5,0,0,0,33,1
679,438604,2,2213,7,3,2,5,0,0,1,39,1
86,441457,1,100,51,3,0,1,0,2,0,17,2
540,428713,1,300,19,3,2,1,0,0,1,23,2
1151,435832,2,445,43,0,2,1,15,0,1,53,2
1151,435832,2,445,43,0,2,1,15,2,0,24,2
277,436386,2,1425,51,0,5,1,11,0,1,50,1
578,432761,1,2215,15,3,2,1,0,1,1,58,1
776,432147,2,1145,50,0,5,1,0,0,1,51,2
203,438930,3,14,51,0,1,1,0,0,1,37,2
895,433789,1,1635,51,0,5,1,15,1,1,27,2
505,426664,2,1853,19,0,1,1,0,0,1,22,2
505,426664,2,1853,19,0,1,1,13,0,1,45,2
505,426664,2,1853,19,0,1,1,13,2,1,17,2
1536,428003,2,2352,21,0,2,1,0,0,1,22,2
1572,431696,2,600,51,0,1,1,11,0,1,62,2
753,433580,1,815,51,0,5,1,0,1,1,46,2
528,434441,1,2209,51,0,2,1,14,2,1,32,2
592,434107,2,1445,51,0,5,1,0,0,0,41,2
592,434107,2,1445,51,0,5,1,0,0,1,18,2
592,434107,2,1445,51,0,5,1,0,2,1,18,2
445,438585,3,1756,7,0,1,1,0,0,0,61,2
445,438585,3,1756,7,0,1,1,0,0,0,35,2
846,432826,2,1000,51,0,5,1,0,0,1,32,2
236,437862,4,1716,7,3,1,5,13,0,1,29,2
191,435960,2,1837,51,0,1,1,0,0,0,59,2
191,435960,2,1837,51,0,1,1,0,2,0,82,2
306,426763,2,1945,51,0,1,1,0,2,0,6,2
306,426763,2,1945,51,0,1,1,0,2,0,21,2
658,431242,2,2030,51,0,1,1,0,0,1,25,2
354,433263,1,1158,51,3,5,5,14,1,1,2,2
1342,428420,1,1230,51,0,5,1,15,1,0,84,1
572,427738,2,1800,19,0,1,1,4,0,1,27,2
579,432727,1,102,15,3,2,1,0,0,0,23,2
1325,437050,2,1034,51,0,5,1,14,2,0,53,2
1482,432441,2,1752,10,0,1,1,10,0,0,50,2
30,444994,2,1625,51,3,5,1,0,2,0,1,2
856,433251,1,341,51,0,2,1,0,1,0,19,2
387,438044,2,1900,7,0,1,1,0,0,1,41,2
858,433236,1,303,51,0,2,1,15,1,1,50,2
922,433454,2,1300,51,0,5,1,11,0,1,32,1
274,432143,1,825,51,0,5,5,15,2,0,27,2
1438,433829,2,1520,10,0,5,1,0,0,1,35,2
1072,435452,2,1754,51,0,1,1,1,0,1,23,2
369,431761,2,1700,2,0,1,1,11,0,1,46,2
513,435026,2,1130,51,0,5,1,9,0,1,31,2
178,434315,2,2018,51,3,1,1,11,0,1,29,2
152,434317,1,630,16,3,1,5,0,0,0,27,2
152,434317,1,630,16,3,1,5,0,2,0,19,1
857,433238,1,815,51,0,5,1,0,1,0,10,1
1022,433090,2,935,5,3,5,5,13,0,1,29,2
1104,430533,1,1555,50,0,5,1,13,0,1,25,2
501,434688,2,1730,51,0,1,1,11,0,1,23,2
1306,434047,2,1905,43,0,1,1,1,0,0,13,2
187,428168,2,2000,8,0,1,1,0,0,1,39,2
187,428168,2,2000,8,0,1,1,0,2,1,16,2
187,428168,2,2000,8,0,1,1,0,2,0,17,2
607,440198,2,2100,51,0,1,1,11,0,1,31,2
294,435677,2,1405,42,3,5,5,10,0,1,57,2
838,432144,1,630,19,3,1,1,0,0,1,49,2
1263,436539,2,1110,51,0,5,1,0,0,0,26,2
1263,436539,2,1110,51,0,5,1,13,0,1,45,2
1263,436539,2,1110,51,0,5,1,13,2,1,45,2
1168,435966,2,1230,51,0,5,1,0,2,1,41,2
533,431276,1,1336,15,0,5,1,0,1,1,74,1
39,445565,2,1415,51,0,5,1,11,0,1,21,1
1310,436532,2,1605,2,0,5,1,11,0,1,9,1
135,437852,2,1646,17,0,5,1,0,0,0,36,2
603,432861,2,1734,2,0,1,1,0,2,1,26,2
603,432861,2,1734,2,0,1,1,0,2,0,38,2
292,426849,2,1820,18,0,1,1,0,0,0,24,2
292,426849,2,1820,18,0,1,1,0,2,0,26,1
292,426849,2,1820,18,0,1,1,0,0,0,36,2
1218,427318,2,1912,5,0,1,1,0,0,1,47,2
68,437015,2,1733,51,0,1,1,0,0,1,51,2
1460,444884,2,750,2,0,5,1,11,0,0,47,2
702,434940,2,830,25,0,5,1,11,0,1,30,1
337,428407,2,900,51,0,5,1,0,0,0,21,2
1525,434615,2,1310,48,0,5,1,8,0,1,61,1
1197,433709,2,1445,12,0,5,1,11,0,1,52,2
84,434064,2,1625,51,0,5,1,0,0,0,30,2
84,434064,2,1625,51,0,5,1,0,0,1,34,2
1393,437441,2,1846,51,0,1,1,0,0,0,31,2
1456,433226,1,539,7,0,1,1,0,0,1,24,2
543,431638,4,726,50,0,1,1,13,0,1,47,2
543,431638,4,726,50,0,1,1,0,0,0,38,2
1455,433231,2,955,7,0,5,1,0,0,0,39,2
615,433348,3,1015,3,0,5,1,0,0,1,31,2
215,434636,2,1030,22,0,5,1,0,0,0,56,2
1418,434844,2,1040,7,0,5,1,0,0,1,83,2
1418,434844,2,1040,7,0,5,1,0,2,0,75,2
120,433354,2,1250,51,0,5,1,14,2,0,86,2
641,429875,3,1530,51,0,5,1,9,0,0,41,2
817,435531,3,1855,51,3,1,5,0,0,0,35,2
817,435531,3,1855,51,3,1,5,0,0,1,36,2
817,435531,3,1855,51,3,1,5,0,0,0,57,2
918,431423,3,1420,50,0,5,1,0,2,0,23,2
448,436910,1,1523,25,0,5,1,14,2,0,3,2
684,438616,2,1718,7,0,5,1,0,0,0,31,2
1570,435123,3,1500,24,0,5,1,10,0,1,60,2
1480,432386,2,1515,14,0,5,1,11,0,1,57,2
111,441758,2,1623,23,0,5,1,4,0,1,50,2
417,433073,2,2340,39,0,2,1,11,0,1,27,2
1054,433436,2,2000,51,0,1,1,9,0,1,28,1
1004,433978,3,1700,51,0,1,1,0,2,1,30,1
1274,434013,2,1720,12,0,1,1,11,0,1,21,2
785,426419,2,2145,49,3,2,1,0,2,1,20,2
785,426419,2,2145,49,3,2,1,8,2,1,49,2
491,436066,1,1210,51,0,5,1,13,1,1,46,2
9,442819,2,1600,17,0,5,1,11,0,0,51,1
1006,435788,2,1700,51,0,1,1,11,0,1,38,1
762,433736,2,800,51,0,5,1,10,0,1,50,1
15,441352,2,1505,4,0,5,1,9,0,1,18,2
1194,435380,1,1724,51,0,1,1,4,1,1,7,2
429,434619,3,1715,17,0,1,1,11,0,1,23,1
151,434664,2,1835,42,0,1,1,0,2,1,8,2
243,433877,2,1840,51,0,1,1,11,0,0,39,2
869,425103,2,1220,18,0,5,1,0,0,0,24,2
636,429816,2,1330,51,0,5,1,0,0,0,38,2
636,429816,2,1330,51,0,5,1,0,2,1,6,2
357,433224,2,1900,51,0,1,1,9,0,1,55,1
547,429063,2,1032,19,3,5,1,0,0,0,35,2
546,429062,2,1058,51,0,5,1,0,0,0,47,2
1323,437023,2,1446,51,3,5,1,0,0,0,34,2
622,433683,2,1600,51,0,5,3,10,0,1,44,2
1205,426200,2,1040,49,0,5,1,0,2,0,83,2
1563,436582,2,1136,0,0,5,1,10,0,1,57,2
1161,432727,2,1358,51,0,5,1,15,1,1,12,2
49,434022,2,2300,51,0,2,1,0,0,1,22,1
128,427881,1,1134,18,0,5,0,0,0,1,68,2
952,435884,1,1345,51,0,5,1,0,0,1,36,2
952,435884,1,1345,51,0,5,1,0,2,0,13,2
952,435884,1,1345,51,0,5,1,0,2,0,12,2
952,435884,1,1345,51,0,5,1,0,2,0,12,2
1081,431610,2,1428,11,0,5,1,0,0,1,30,2
1081,431610,2,1428,11,0,5,1,0,2,1,40,2
955,433176,2,1745,51,0,1,1,0,2,0,25,2
628,426429,3,1520,49,0,5,1,8,0,1,43,2
772,430695,2,1900,51,0,1,1,0,0,1,37,2
697,433759,1,2304,3,3,2,5,0,0,0,19,1
176,427895,1,1700,8,0,1,1,0,1,0,18,2
1489,442840,1,1615,51,0,5,1,1,1,1,30,2
1457,432780,2,1245,51,0,5,1,0,0,0,71,2
602,430891,3,1750,51,0,1,1,0,2,1,5,2
1270,433876,2,905,51,3,5,4,0,0,1,59,2
747,438846,1,936,7,0,5,1,14,2,0,79,2
914,434060,1,1515,51,0,5,1,14,2,1,30,2
1086,435824,1,1722,51,0,1,1,0,1,1,32,1
132,434941,3,1707,51,0,1,1,0,0,0,45,2
793,433406,1,1700,51,0,1,1,6,1,1,31,1
682,431317,2,2030,51,0,2,1,9,0,1,23,1
729,439284,2,900,51,0,5,1,11,0,1,57,2
1538,442325,4,1609,0,0,5,1,0,0,1,23,2
1397,436369,2,1729,12,0,1,1,10,0,1,26,1
1504,445696,2,1853,51,0,1,1,0,2,0,77,2
802,436597,2,1000,51,0,5,1,0,0,0,39,2
1116,434600,2,930,51,0,5,1,2,0,1,40,2
311,436677,2,645,51,0,1,1,0,0,0,40,2
328,427585,2,1346,33,0,5,1,11,0,1,45,2
951,439130,1,1402,51,0,5,1,0,1,0,93,2
1534,442639,3,1437,0,0,5,1,0,0,0,27,2
1534,442639,3,1437,0,0,5,1,0,2,0,6,2
638,439261,2,1639,51,0,5,1,11,0,1,11,2
1498,448333,1,2257,44,0,2,1,15,1,1,21,2
351,430145,2,615,8,0,1,1,10,0,1,46,1
1027,435583,1,2145,51,0,2,1,0,1,1,62,2
1372,438371,2,801,51,0,5,1,0,0,1,48,2
377,430012,2,1556,50,0,5,1,0,2,0,16,2
377,430012,2,1556,50,0,5,1,0,0,0,35,2
377,430012,2,1556,50,0,5,1,0,2,1,13,2
848,434397,2,1835,3,0,1,1,0,0,1,37,2
848,434397,2,1835,3,0,1,1,0,0,1,64,2
848,434397,2,1835,3,0,1,1,0,2,0,60,2
107,436537,2,2118,22,0,1,1,0,0,1,38,2
112,434410,2,932,42,0,5,1,0,0,1,34,2
112,434410,2,932,42,0,5,1,0,0,1,53,2
1562,436812,2,1020,0,0,5,1,0,0,0,56,2
1562,436812,2,1020,0,0,5,1,0,2,1,60,2
553,435208,2,1230,51,0,5,1,14,2,0,70,2
477,436191,2,1938,25,0,1,1,5,0,1,19,2
905,435599,2,1610,5,0,5,1,0,2,1,57,2
905,435599,2,1610,5,0,5,1,0,2,0,51,2
14,441340,2,1110,4,3,5,1,0,0,0,60,2
970,433937,2,1224,5,0,5,1,11,0,1,21,2
629,433419,2,1259,51,0,5,1,0,0,1,34,2
325,435500,1,1435,51,0,5,1,0,1,1,40,2
434,431884,3,1808,2,0,1,1,0,0,1,40,2
434,431884,3,1808,2,0,1,1,0,2,0,34,2
1166,426272,2,1727,48,0,1,1,0,0,0,20,2
1401,426644,1,1820,14,0,1,1,6,1,1,32,2
1412,434724,2,1220,7,0,5,1,0,2,0,10,2
1382,436940,1,1630,7,0,5,1,0,1,1,22,1
652,429932,2,1940,19,0,1,1,10,0,1,46,2
1151,435828,2,2000,51,0,1,1,0,0,0,26,2
1229,429585,2,840,5,0,5,1,0,0,1,41,2
1229,429585,2,840,5,0,5,1,0,2,0,14,2
1229,429585,2,840,5,0,5,1,0,2,0,11,2
1435,442136,1,1525,2,0,5,1,0,2,1,14,2
1208,435800,4,1800,2,0,1,1,0,2,1,16,1
1208,435800,4,1800,2,0,1,1,0,2,0,12,2
1208,435800,4,1800,2,0,1,1,0,2,0,35,2
1208,435800,4,1800,2,0,1,1,0,2,0,45,2
1208,435800,4,1800,2,0,1,1,0,2,0,55,2
1066,435067,2,2256,51,3,2,1,0,0,1,27,2
1066,435067,2,2256,51,3,2,1,0,2,1,15,2
1512,432043,2,647,10,3,1,1,11,0,1,39,2
715,428203,4,1600,51,0,5,1,0,2,0,21,2
715,428203,4,1600,51,0,5,1,0,2,0,2,2
859,433541,2,1000,51,0,5,1,1,0,1,36,2
1263,427871,1,1630,51,0,5,1,13,1,1,7,2
1053,432326,2,810,51,3,5,5,11,0,0,32,2
1370,431320,2,1553,48,0,5,1,0,0,1,27,2
1178,436129,2,2000,51,0,2,1,11,0,1,22,2
1444,435094,1,2130,51,0,2,1,0,0,1,31,2
1018,428089,2,825,51,3,5,5,0,0,1,26,2
367,431744,2,1245,6,0,5,1,0,0,1,26,2
1477,432527,2,750,10,0,5,1,11,0,0,53,2
562,431549,2,1152,15,0,5,1,0,0,0,51,2
1139,431303,2,1313,11,0,5,1,9,0,1,23,1
710,431599,2,1414,51,0,5,1,9,0,1,21,2
971,439193,1,1440,7,0,5,1,9,0,1,20,1
1171,435659,2,1636,51,0,5,1,0,2,0,10,2
1171,435659,2,1636,51,0,5,1,0,2,0,7,2
1012,425890,2,1717,51,0,1,1,0,0,0,29,2
1503,433575,1,2000,14,0,2,1,0,2,0,20,2
740,432095,2,2338,50,3,2,1,0,2,0,25,2
740,432095,2,2338,50,3,2,1,15,0,1,33,2
1429,436088,2,627,51,3,1,1,0,2,1,19,2
567,432089,2,1043,15,3,5,1,0,0,1,21,1
567,432089,2,1043,15,3,5,1,0,0,1,44,2
567,432089,2,1043,15,3,5,1,0,2,0,10,2
398,430442,1,1255,50,3,5,5,0,2,0,64,1
672,431921,2,1456,51,0,5,1,0,0,1,39,2
672,431921,2,1456,51,0,5,1,0,0,1,29,2
984,434221,2,1600,5,3,5,5,10,0,1,52,2
72,434432,2,1747,16,0,1,1,11,0,1,48,2
642,430936,2,1915,51,0,1,1,0,2,0,52,2
339,435583,2,440,17,0,2,1,0,0,1,50,2
339,435583,2,440,17,0,2,1,0,2,1,22,2
339,435583,2,440,17,0,2,1,0,2,1,24,2
452,434334,1,1338,51,0,5,1,0,2,0,37,2
301,435596,2,1900,51,3,1,1,0,0,0,54,1
1320,430009,1,511,48,3,2,5,0,0,1,42,2
201,445465,5,1525,23,0,5,1,0,0,1,62,2
201,445465,5,1525,23,0,5,1,15,0,1,37,2
689,433818,1,1015,51,0,5,1,14,2,0,70,2
615,433738,2,1430,17,0,5,1,11,0,1,29,2
1079,435059,2,1715,51,0,1,1,11,0,1,37,2
312,435581,2,1815,42,0,1,1,11,0,1,58,2
350,432010,2,815,51,0,5,1,11,0,1,17,2
656,431233,1,1000,51,0,5,1,0,1,0,78,1
1291,434151,1,1115,51,0,5,1,14,2,0,82,1
1278,436997,2,1346,51,0,5,1,9,0,1,36,1
1389,434203,3,1530,51,0,5,1,11,0,1,14,2
266,426576,2,1745,48,3,1,5,0,0,0,25,2
1317,433900,2,1815,43,0,1,1,11,0,1,38,1
797,433052,1,1730,51,0,1,1,14,2,0,55,2
748,433540,1,745,51,0,5,1,11,1,0,43,2
229,433167,2,1500,6,0,5,1,11,0,1,13,2
1467,425854,2,1545,35,0,5,1,11,0,1,39,1
129,435468,2,1015,51,0,5,1,0,2,0,27,2
129,435468,2,1015,51,0,5,1,0,2,0,21,2
27,445022,2,1400,25,0,5,1,0,0,1,74,2
1486,434169,2,600,48,0,1,1,8,0,1,36,2
1486,434169,2,600,48,0,1,1,0,2,1,32,2
1095,435143,1,1733,2,0,1,1,0,1,1,27,1
691,423230,2,1107,51,0,5,1,0,0,0,37,2
691,423230,2,1107,51,0,5,1,0,0,0,50,2
1378,434817,1,1323,51,0,5,1,9,0,1,22,1
1378,434817,1,1323,51,0,5,1,9,1,0,30,1
920,435284,1,1545,51,0,5,1,9,0,1,78,1
1395,436416,2,1630,51,0,5,1,0,0,0,45,2
345,428161,2,1828,51,0,1,1,0,0,1,37,2
979,435450,2,1825,51,3,1,1,11,0,1,69,2
1539,437585,1,1158,51,0,5,1,0,0,1,17,2
1548,433213,2,1235,21,0,5,1,0,2,0,25,2
851,434310,1,2045,51,0,2,1,0,1,1,32,2
683,434093,2,825,51,3,5,5,0,1,1,54,1
1414,434526,1,1850,51,0,1,1,7,1,0,86,2
985,433480,2,1220,51,0,5,1,14,2,0,53,2
1232,433832,2,2020,12,0,1,1,4,0,1,23,2
183,431967,1,5,51,3,2,1,0,0,1,20,2
476,434631,1,1255,51,0,5,1,15,2,0,39,2
404,435685,2,1628,51,0,5,1,0,0,1,37,2
300,438619,1,1600,51,3,5,1,9,0,0,20,2
441,434911,1,1802,51,3,2,5,11,0,0,62,1
1510,448107,1,1909,47,0,2,1,0,1,1,16,2
717,433778,3,2025,51,0,2,1,0,0,1,27,2
1146,435797,1,2035,2,3,2,1,0,0,0,33,2
893,433791,2,1255,51,0,5,1,11,0,1,23,2
915,434505,4,120,2,3,4,1,0,2,1,23,1
278,435157,2,849,51,3,5,1,0,0,0,55,2
278,435157,2,849,51,3,5,1,0,2,0,33,2
278,435157,2,849,51,3,5,1,0,2,0,32,2
779,430760,2,900,19,0,5,1,11,0,1,50,2
1303,434745,2,1134,51,0,5,1,13,0,1,24,2
979,435449,2,1331,51,0,5,1,0,0,1,27,2
1217,437050,2,1510,51,0,5,1,0,0,0,38,2
451,434541,2,901,51,0,5,1,11,0,1,46,2
582,433188,2,1020,2,0,5,1,0,0,1,55,2
1515,432554,1,900,51,0,5,1,0,1,0,37,2
404,434798,2,1310,17,0,5,1,11,0,1,24,2
1569,431579,2,1348,10,0,5,1,0,0,1,72,2
1569,431579,2,1348,10,0,5,1,0,0,1,39,2
1569,431579,2,1348,10,0,5,1,0,2,0,27,1
1569,431579,2,1348,10,0,5,1,0,2,1,31,2
1569,431579,2,1348,10,0,5,1,0,2,0,32,2
1569,431579,2,1348,10,0,5,1,0,2,1,26,2
892,433724,2,1045,51,0,5,1,0,0,1,35,2
202,439049,2,1630,51,0,5,1,0,0,0,30,2
51,434297,1,2023,16,3,2,5,0,1,1,30,2
1380,433921,1,815,51,0,5,1,11,0,1,15,2
1335,433697,2,1218,43,0,5,1,0,2,0,67,2
1335,433697,2,1218,43,0,5,1,0,2,0,26,2
717,431360,2,1510,51,0,5,1,11,0,1,47,2
605,433770,2,1615,51,0,5,1,0,0,1,38,2
1463,433099,2,1040,7,0,5,1,0,0,0,46,2
1463,433099,2,1040,7,0,5,1,0,0,0,29,2
827,433859,1,1030,51,0,5,1,14,2,0,49,2
1424,435579,2,800,51,0,5,1,0,0,0,22,2
1124,434672,2,1600,51,0,5,1,11,0,1,51,2
1516,448661,2,1630,0,0,5,1,0,2,0,81,2
618,432904,2,1002,2,0,5,1,14,2,0,58,2
618,432904,2,1002,2,0,5,1,14,2,0,54,2
618,432904,2,1002,2,0,5,1,14,2,0,45,2
618,432904,2,1002,2,0,5,1,14,2,1,1,2
167,434608,2,2050,51,0,2,1,11,0,1,27,2
904,433948,2,100,3,0,2,1,15,2,1,21,2
526,434563,3,2106,51,0,2,1,9,2,1,27,1
116,441978,2,1130,23,0,5,1,10,0,1,54,1
1207,438767,2,1625,51,0,5,1,0,0,0,49,2
1207,438767,2,1625,51,0,5,1,0,2,1,62,2
770,444906,1,624,51,3,1,5,0,0,1,32,2
621,429917,2,840,51,3,5,5,0,0,0,31,2
61,441022,2,945,51,3,5,5,0,0,0,32,2
320,435552,2,1130,51,3,5,5,13,0,1,20,2
341,444695,2,1740,24,0,1,1,0,0,0,52,2
56,440186,2,820,17,0,5,1,11,0,1,51,2
983,436330,2,830,51,0,5,1,11,0,0,26,1
1378,435974,2,800,51,0,5,1,11,0,1,13,2
1198,434923,4,1445,43,0,5,1,0,0,1,41,2
1198,434923,4,1445,43,0,5,1,0,2,0,34,2
1421,434703,1,1456,51,0,5,1,0,1,1,11,2
1196,426990,2,1650,48,0,5,1,0,0,0,29,2
1087,432763,2,1654,51,0,5,1,11,0,1,17,2
181,435497,2,1905,51,0,2,1,0,0,0,26,2
245,436550,2,825,17,0,5,1,11,0,1,42,2
791,427699,2,1150,51,0,5,1,11,0,1,65,2
1223,443147,2,1515,5,0,5,1,0,0,0,76,2
1223,443147,2,1515,5,0,5,1,0,0,0,45,2
1532,449309,1,2255,28,3,0,5,0,0,1,53,2
674,434166,2,815,51,3,5,1,11,0,1,43,2
1409,429062,2,850,51,0,5,1,10,0,1,24,1
220,437401,2,1040,51,0,5,1,0,0,0,29,2
1094,435598,1,1530,51,0,5,1,0,1,1,62,1
142,434620,1,1821,51,0,1,1,0,1,1,46,2
524,435036,2,1844,51,0,2,1,11,0,1,19,1
703,434944,2,836,25,3,5,1,11,0,1,18,2
172,435302,2,937,51,3,5,5,9,0,1,23,2
834,431521,2,1420,19,0,5,1,11,0,1,25,2
1174,435842,2,1555,2,0,5,1,11,0,1,11,2
888,437927,2,1500,5,0,5,1,4,0,1,64,2
238,434118,1,155,51,0,2,1,0,0,1,25,2
601,435592,1,210,25,0,2,1,15,1,0,20,2
623,435507,2,1615,25,0,5,1,0,0,1,23,2
1553,438917,4,1215,0,0,5,1,0,2,0,23,2
1001,436527,2,1409,51,0,5,1,14,2,0,39,1
1526,431803,1,1430,10,3,5,5,10,0,1,44,2
766,434147,2,130,51,0,2,1,15,2,0,21,2
766,434147,2,130,51,0,2,1,15,2,1,22,2
766,434147,2,130,51,0,2,1,15,2,1,21,2
766,434147,2,130,51,0,2,1,15,2,1,18,2
539,429372,2,1245,6,0,5,1,0,0,0,61,1
539,429372,2,1245,6,0,5,1,0,2,0,23,2
1220,427325,2,1859,5,0,2,1,0,0,0,47,2
1220,427325,2,1859,5,0,2,1,0,2,1,41,2
1220,427325,2,1859,5,0,2,1,0,2,0,71,2
83,435072,1,1930,51,0,2,1,13,1,1,88,1
225,434814,2,2232,51,0,2,1,0,0,1,58,2
1181,439783,1,2229,51,3,2,1,0,1,0,14,1
604,435578,2,900,51,0,5,1,11,0,0,38,1
188,428248,2,745,18,0,5,1,13,0,0,55,2
32,446208,1,825,51,0,5,1,0,1,0,81,1
937,433877,3,1740,13,0,1,1,15,2,0,11,2
138,439627,1,2020,51,3,0,5,0,0,1,22,2
138,439627,1,2020,51,3,0,5,0,2,0,49,2
1185,426239,2,2345,48,0,2,1,0,2,1,19,2
1185,426239,2,2345,48,0,2,1,0,2,0,17,2
1185,426239,2,2345,48,0,2,1,0,2,0,42,2
1465,430689,1,930,51,0,5,1,0,0,1,33,2
1338,433677,1,800,10,0,5,1,14,2,1,14,2
1338,433677,1,800,10,0,5,1,14,2,1,14,2
581,436947,2,200,51,0,1,1,15,2,0,52,2
581,436947,2,200,51,0,1,1,15,2,0,78,2
439,432589,3,1150,51,0,5,1,0,2,1,57,2
749,433800,1,1249,51,0,5,1,14,1,1,38,2
675,431017,2,1800,51,0,1,1,0,0,0,52,2
800,435604,3,1735,51,0,1,1,4,0,1,41,2
1015,430597,2,1700,51,0,1,1,11,0,1,20,2
224,433449,2,2202,51,3,2,1,9,0,1,20,1
1175,436049,2,1510,51,3,5,1,0,0,1,41,2
992,433812,3,755,13,0,5,1,0,0,0,38,2
992,433812,3,755,13,0,5,1,0,0,1,56,2
992,433812,3,755,13,0,5,1,0,2,0,53,2
954,433838,5,848,13,0,5,1,0,0,0,52,2
929,431825,2,1630,5,0,5,1,0,0,0,47,2
929,431825,2,1630,5,0,5,1,0,2,1,41,2
1523,433944,2,1412,14,0,5,1,0,0,1,86,2
1466,433036,3,1950,10,0,1,1,0,0,0,48,2
1466,433036,3,1950,10,0,1,1,0,0,1,64,2
705,432004,1,1800,50,3,1,1,14,2,0,35,1
1280,429061,1,754,51,0,5,1,0,1,0,13,2
759,433925,1,1720,51,3,1,5,11,1,0,62,1
1431,431042,2,1025,48,0,5,1,0,0,1,49,2
1396,425845,2,1910,19,0,1,1,11,0,0,43,2
1049,445740,1,1302,5,0,5,1,9,0,1,36,2
1565,436751,1,1627,0,0,5,1,0,0,1,24,2
1067,435076,2,1736,2,0,2,1,11,0,1,38,2
655,428783,2,148,51,0,2,1,0,0,1,39,1
655,428783,2,148,51,0,2,1,15,0,1,41,2
1211,434930,1,1410,51,0,5,1,0,1,0,8,2
355,436340,2,1541,51,0,5,1,9,0,1,26,1
841,431855,1,1550,19,0,5,1,0,1,0,13,2
1044,433714,2,1700,51,0,1,1,15,0,1,31,2
1044,433714,2,1700,51,0,1,1,15,2,0,20,2
1044,433714,2,1700,51,0,1,1,15,2,0,24,2
849,425118,1,1749,18,0,1,1,0,1,0,22,2
1085,432694,2,1755,5,0,1,1,0,0,1,20,2
1085,432694,2,1755,5,0,1,1,0,0,0,23,2
551,431349,2,2245,15,0,2,1,0,0,1,28,2
944,433453,1,820,51,0,5,1,14,1,0,22,2
944,433453,1,820,51,0,5,1,14,0,1,49,2
874,433899,1,1418,51,0,5,1,0,0,0,48,2
1566,445249,2,1440,51,0,5,1,0,0,0,57,2
1566,445249,2,1440,51,0,5,1,0,0,0,37,2
166,437434,3,1823,51,0,1,1,0,0,0,21,2
166,437434,3,1823,51,0,1,1,0,0,1,28,2
166,437434,3,1823,51,0,1,1,0,0,1,35,2
63,440967,2,1905,51,0,1,1,0,2,0,21,2
1115,434601,1,815,51,0,5,1,0,1,1,48,2
420,444694,2,1146,24,0,5,1,0,0,0,86,2
424,437202,2,1320,25,0,5,1,11,0,0,42,1
1092,435136,2,1915,2,0,2,1,0,0,1,58,2
595,435613,2,740,25,0,5,1,11,0,1,24,2
563,433059,2,1015,39,0,5,1,6,2,1,31,2
307,428285,3,1313,51,3,5,1,0,0,0,35,2
307,428285,3,1313,51,3,5,1,0,0,1,29,2
307,428285,3,1313,51,3,5,1,0,2,0,42,2
933,435502,2,1445,51,0,5,1,0,0,1,31,2
475,434643,2,1530,51,0,5,1,0,0,1,40,2
475,434643,2,1530,51,0,5,1,0,2,1,20,2
475,434643,2,1530,51,0,5,1,0,2,1,20,2
297,426826,1,1600,18,3,5,5,5,0,1,18,2
624,435505,1,1627,25,3,5,5,0,1,0,20,2
1002,436050,2,1650,51,0,5,1,14,2,0,75,2
1002,436050,2,1650,51,0,5,1,14,2,0,27,2
436,431308,2,1630,8,0,5,1,0,0,1,44,2
1080,436825,1,1950,51,3,2,1,0,0,1,29,2
1080,436825,1,1950,51,3,2,1,0,2,1,26,2
1080,436825,1,1950,51,3,2,1,0,2,1,25,2
18,445479,1,2030,25,0,1,1,15,2,0,19,2
18,445479,1,2030,25,0,1,1,15,2,0,18,2
1258,435008,3,1440,51,0,5,1,0,0,1,83,2
982,426541,2,1733,49,0,1,1,0,0,1,63,2
982,426541,2,1733,49,0,1,1,13,0,1,56,2
1166,435960,2,1935,2,0,2,1,14,2,0,64,2
291,442951,1,1730,25,0,1,1,14,2,0,70,2
661,432107,2,2016,51,0,1,1,0,0,1,49,2
332,438114,2,815,7,0,5,1,0,0,0,29,2
775,434399,3,1017,3,0,5,1,0,0,0,30,2
1113,435483,4,1201,51,0,5,1,0,0,1,44,2
912,433453,1,1300,51,0,5,1,14,1,0,46,2
912,433453,1,1300,51,0,5,1,14,2,0,71,2
1159,427743,4,1635,48,0,5,1,0,0,1,42,2
1159,427743,4,1635,48,0,5,1,0,2,1,14,2
1159,427743,4,1635,48,0,5,1,0,0,0,30,2
1159,427743,4,1635,48,0,5,1,0,0,0,26,2
765,433924,1,1820,51,0,1,1,0,1,0,17,1
885,433428,1,2340,51,0,2,1,0,1,0,21,2
1150,430324,2,1254,5,0,5,1,0,0,1,28,2
1179,434961,2,1325,51,0,5,1,0,2,1,4,2
282,434236,2,1720,16,0,1,1,0,1,1,58,2
282,434236,2,1720,16,0,1,1,0,1,0,4,2
282,434236,2,1720,16,0,1,1,0,0,1,29,2
1363,428929,2,1730,11,0,1,1,0,0,0,47,2
244,433916,2,1804,51,0,2,1,11,0,1,34,2
454,434517,2,2019,17,0,2,1,0,0,0,60,2
454,434517,2,2019,17,0,2,1,0,0,1,32,2
426,433509,2,710,51,3,2,1,0,0,0,27,2
1352,437705,1,935,51,0,5,1,13,1,1,48,2
318,435590,1,1720,51,0,1,1,14,2,0,19,2
919,431421,3,1632,50,0,5,0,0,0,0,57,2
919,431421,3,1632,50,0,5,0,0,0,1,26,2
1034,437780,1,1835,51,0,1,0,13,1,1,3,2
778,434293,1,1700,25,0,1,1,4,1,0,29,2
323,439070,1,1936,51,0,2,1,0,0,0,19,2
1343,436671,1,2000,51,0,2,0,13,1,1,48,2
399,427689,1,2240,30,0,2,1,0,1,1,30,0
1541,430183,1,332,21,0,0,0,0,0,1,18,2
726,432909,1,1310,51,0,5,1,13,1,1,31,2
65,444774,2,810,51,0,5,1,0,2,0,45,2
845,434130,2,1600,51,0,5,1,10,0,1,26,2
1462,432302,3,1800,48,0,1,1,0,0,1,55,2
1462,432302,3,1800,48,0,1,1,0,2,1,44,2
146,434713,2,720,51,0,1,1,11,0,1,38,2
1353,440893,1,750,51,0,5,1,0,0,1,54,2
372,438039,2,1255,7,0,5,1,0,2,1,24,2
1448,435267,1,1438,51,0,5,1,14,2,1,12,2
1492,432798,1,1440,51,0,5,1,14,2,0,14,2
1514,449534,2,728,0,3,1,1,0,0,0,30,2
1514,449534,2,728,0,3,1,1,0,0,0,42,2
833,431360,2,643,15,3,2,1,11,0,1,50,2
96,440845,2,800,23,3,5,2,10,0,1,26,2
1341,441230,2,1035,51,0,5,1,0,0,1,74,2
1341,441230,2,1035,51,0,5,1,0,0,0,50,2
1341,441230,2,1035,51,0,5,1,0,2,0,73,2
471,436515,2,1126,51,0,5,1,11,0,1,24,2
1153,431240,2,1258,51,0,5,1,0,0,1,24,2
1464,440432,3,1304,51,0,5,1,0,0,0,28,2
1464,440432,3,1304,51,0,5,1,0,0,1,50,2
22,442004,1,1821,51,3,2,5,0,1,1,80,1
942,432972,2,2313,51,3,2,1,11,0,1,23,2
1452,431421,2,845,51,3,5,1,5,0,0,26,2
57,441750,3,1025,51,3,5,1,0,0,1,91,2
822,434001,2,715,51,3,1,1,1,0,1,24,2
154,435119,2,1240,51,3,5,1,0,0,0,68,2
978,428404,3,1250,51,0,5,1,9,0,0,23,2
1090,435129,2,1334,51,0,5,1,0,0,0,35,2
1340,441231,3,1756,51,0,1,1,11,0,1,28,1
1408,435589,2,517,12,0,1,1,0,0,1,60,2
29,438465,1,620,23,3,1,5,0,0,1,18,2
1009,432093,2,841,11,0,5,1,0,0,1,53,2
1009,432093,2,841,11,0,5,1,0,2,0,60,2
650,433530,2,1100,3,0,5,0,0,0,1,33,2
608,435232,2,1612,51,3,5,5,5,0,1,18,1
1165,434960,2,2045,51,0,1,1,15,0,1,33,2
1406,435603,2,2322,12,0,1,1,0,0,1,18,2
966,435343,2,38,51,3,2,5,0,0,0,72,2
706,434934,1,319,25,0,2,1,0,1,1,18,1
995,438633,2,800,51,0,5,1,11,0,0,30,2
1491,448427,1,849,51,0,5,1,0,1,0,69,1
1144,425505,4,1205,48,0,5,1,0,2,0,42,2
1144,425505,4,1205,48,0,5,1,0,2,0,70,2
867,433399,2,1505,51,0,5,1,0,0,1,23,2
693,434981,1,1655,25,0,5,1,0,1,0,51,2
832,435422,2,1850,51,3,2,1,0,0,0,28,2
832,435422,2,1850,51,3,2,1,0,2,0,1,2
751,435279,1,1940,51,0,2,1,0,1,1,56,2
37,442987,2,630,51,3,0,4,10,0,1,59,1
47,434127,3,1735,51,3,2,5,0,0,0,33,2
1133,435946,2,1940,51,0,2,1,0,0,0,28,2
1282,435544,3,2051,51,3,2,5,10,0,1,17,1
568,426414,3,708,49,0,2,1,13,0,1,28,2
568,426414,3,708,49,0,2,1,0,0,1,28,2
568,426414,3,708,49,0,2,1,0,0,0,28,2
1427,436295,2,815,51,0,5,1,14,2,0,63,1
854,431187,1,940,51,0,5,1,0,1,1,6,1
330,433053,2,1346,51,0,5,1,5,0,1,29,1
701,439408,2,1850,51,0,2,1,11,0,1,25,2
1441,445541,2,1605,24,3,5,1,0,0,0,33,2
1441,445541,2,1605,24,3,5,1,0,2,1,12,2
1256,425966,2,633,49,0,2,1,0,2,0,54,2
694,433755,2,900,3,0,5,1,0,0,0,38,2
156,435137,2,900,51,0,5,1,0,0,0,25,2
694,433755,3,1005,3,0,5,1,0,0,0,45,2
497,432828,2,1140,51,0,5,1,0,0,1,56,2
117,446009,2,1459,51,0,5,1,0,0,0,58,1
102,436333,5,1534,7,0,5,1,0,0,1,26,2
102,436333,5,1534,7,0,5,1,0,2,1,45,2
737,432562,3,1225,51,0,5,1,0,0,1,36,2
1224,434326,2,2158,51,0,2,0,11,0,1,21,2
1568,433111,2,2312,48,0,0,1,0,0,1,30,2
1568,433111,2,2312,48,0,0,1,6,0,1,37,2
1369,433859,2,35,47,0,2,1,15,0,1,34,2
1367,437288,1,350,7,0,2,1,15,2,0,39,1
113,434424,1,419,51,0,2,0,0,2,1,17,2
33,441465,1,600,17,0,1,1,15,2,0,21,2
1268,434025,2,1205,12,0,5,1,0,0,1,49,2
1268,434025,2,1205,12,0,5,1,0,2,0,71,2
764,433793,2,1929,51,0,2,1,10,0,1,25,2
1305,433529,2,650,51,0,1,1,11,0,0,22,2
1511,447929,2,1655,1,0,5,1,10,0,1,37,2
163,437656,2,1855,51,0,2,1,0,0,0,26,2
380,438066,2,645,25,0,1,1,11,0,0,51,2
193,438894,3,1435,51,0,5,1,0,0,0,76,1
711,435417,2,1850,51,0,2,1,11,0,1,20,2
1252,435969,1,2030,2,0,2,1,1,1,1,31,2
594,430832,2,2300,51,0,2,1,11,0,1,33,2
1517,431124,1,1000,51,0,5,1,0,1,0,77,2
765,433923,1,1014,51,0,5,1,6,1,0,69,2
596,435030,2,1830,51,0,2,1,11,0,1,19,2
1295,429746,3,1845,11,0,2,1,0,0,1,45,2
881,433917,1,2155,51,0,1,1,0,1,1,50,2
233,437629,2,2328,51,0,2,1,0,0,1,44,2
599,435596,1,1550,25,0,5,1,0,1,0,19,1
1265,433999,2,1710,12,0,2,1,14,2,0,62,2
1265,433999,2,1710,12,0,2,1,14,2,0,54,2
1265,433999,2,1710,12,0,2,1,14,2,0,18,2
1265,433999,2,1710,12,0,2,1,14,2,0,72,2
946,439043,2,1800,5,0,2,1,0,0,1,35,2
946,439043,2,1800,5,0,2,1,0,2,1,54,2
972,433941,2,1620,5,0,5,1,11,0,1,44,2
1267,425899,3,723,49,0,1,1,0,0,1,47,1
1267,425899,3,723,49,0,1,1,0,0,1,51,2
967,435348,2,1900,51,0,2,1,0,0,1,40,2
967,435348,2,1900,51,0,2,1,0,0,1,18,2
967,435348,2,1900,51,0,2,1,0,2,1,19,2
967,435348,2,1900,51,0,2,1,0,2,1,20,2
531,429614,2,1805,6,0,1,1,0,2,0,46,2
531,429614,2,1805,6,0,1,1,0,0,0,22,2
531,429614,2,1805,6,0,1,1,0,2,0,24,2
531,429614,2,1805,6,0,1,1,0,2,0,21,2
1059,428929,2,1936,51,0,2,1,0,0,0,51,2
969,438449,2,545,51,0,1,1,0,0,1,23,2
314,436541,2,1055,51,0,5,1,0,0,0,21,2
314,436541,2,1055,51,0,5,1,0,2,1,29,2
1433,435726,1,1400,51,0,5,1,13,1,1,15,2
1433,435726,1,1400,51,0,5,1,13,1,1,14,2
745,439018,3,1719,51,0,1,1,0,0,1,24,1
1547,445580,1,1000,24,0,5,1,13,1,0,64,2
1221,434708,2,1317,51,0,5,1,0,1,1,25,2
987,434255,2,1650,5,0,2,1,11,0,1,23,1
160,439355,1,730,51,1,1,1,0,2,1,3,2
844,438199,2,950,5,0,5,1,0,0,0,51,2
844,438199,2,950,5,0,5,1,0,2,0,26,2
844,438199,2,950,5,0,5,1,0,2,1,30,2
844,438199,2,950,5,0,5,1,0,2,0,28,2
1287,432728,1,955,47,1,5,1,9,0,1,22,1
285,433083,2,845,39,0,5,1,0,0,0,27,2
427,427847,2,1740,51,0,2,1,0,0,0,61,2
427,427847,2,1740,51,0,2,1,0,0,1,54,2
974,434008,2,1804,47,0,2,1,11,0,1,50,1
1419,428072,2,1820,51,0,2,1,11,0,1,44,1
256,432157,2,1950,51,0,2,1,0,0,0,25,2
713,433459,2,900,51,0,5,1,0,0,1,33,2
713,433459,2,900,51,0,5,1,14,2,0,60,2
713,433459,2,900,51,0,5,1,14,2,1,46,2
575,435667,2,905,25,0,5,1,11,0,1,19,1
175,435379,1,1643,51,0,2,1,0,1,0,34,2
175,435379,1,1643,51,0,2,1,0,1,0,5,2
956,430373,1,1700,47,3,2,1,0,1,0,13,1
555,434320,2,2116,51,0,2,1,11,2,0,33,2
758,438891,2,1929,7,3,2,1,0,0,1,18,2
996,430370,3,820,51,0,5,1,0,0,0,47,2
957,434645,2,1819,51,3,2,1,0,0,0,43,2
681,435494,1,1850,51,0,2,1,0,1,0,25,2
1420,434703,1,1630,51,0,5,1,14,2,0,70,2
1434,435579,2,1930,51,0,2,1,11,0,1,17,2
76,444988,1,2015,25,3,2,1,0,0,0,57,0
1075,435030,2,640,51,0,2,1,0,0,0,58,2
1134,435677,2,1850,51,0,2,1,11,0,1,56,2
1483,432701,2,1245,51,0,5,1,0,0,1,45,2
303,436262,2,1715,17,0,2,1,11,2,1,36,2
939,431867,2,1723,51,0,1,1,11,0,0,27,2
379,438686,2,2045,25,0,1,1,11,0,0,45,2
1097,435165,2,930,2,0,5,1,11,0,1,28,1
11,442525,2,1800,17,0,1,1,11,0,1,61,2
1173,425721,2,1140,48,0,5,1,0,0,0,68,2
997,428411,2,1507,51,3,5,5,9,0,1,21,1
537,434071,2,1750,17,0,2,1,11,0,1,50,2
1209,429757,2,1655,11,3,2,5,0,0,0,44,2
827,431161,2,1715,19,0,1,1,11,0,1,22,1
1546,441322,2,1725,0,3,0,5,0,2,0,73,2
1376,436467,2,1734,51,3,2,5,11,0,1,29,2
796,433403,2,1900,51,0,2,1,0,0,1,40,2
461,431118,3,2031,6,3,2,1,0,2,0,21,2
31,438418,2,1815,51,0,0,1,0,1,1,51,2
63,440967,2,1340,51,0,5,1,11,0,1,45,1
234,433366,2,1801,51,0,2,1,0,0,0,53,2
234,433366,2,1801,51,0,2,1,0,0,0,26,2
234,433366,2,1801,51,0,2,1,0,2,1,36,2
234,433366,2,1801,51,0,2,1,0,2,0,16,2
1183,438090,2,1805,51,3,2,1,0,0,1,40,2
1183,438090,2,1805,51,3,2,1,0,2,0,36,2
1183,438090,2,1805,51,3,2,1,0,2,1,3,2
1183,438090,2,1805,51,3,2,1,0,2,0,11,2
1183,438090,2,1805,51,3,2,1,0,0,1,32,2
208,435028,1,1924,22,0,2,1,0,1,0,16,2
733,431194,1,1929,51,0,2,1,0,1,1,9,2
401,439887,2,25,51,0,2,1,15,2,1,46,2
401,439887,2,25,51,0,2,1,0,0,1,32,1
1392,436407,2,2005,12,0,1,1,0,0,0,24,2
1490,439607,3,1125,12,0,5,1,0,2,1,30,2
1128,435537,2,1415,51,0,5,1,0,0,1,32,2
1050,429061,1,1800,51,0,2,1,0,1,1,45,2
1148,435800,2,2240,2,0,2,1,0,0,1,33,2
1148,435800,2,2240,2,0,2,1,0,0,0,50,2
1141,435746,1,2330,2,0,2,1,0,1,0,36,1
449,431563,2,654,51,3,1,1,11,0,0,49,2
968,435345,4,1143,51,0,5,1,0,0,0,23,2
1508,432078,1,1215,10,0,5,1,0,0,1,44,2
794,427470,1,1614,51,0,2,1,0,1,0,42,2
794,427470,1,1614,51,0,2,1,0,1,0,7,2
863,434077,2,1700,51,0,2,1,14,2,0,31,2
842,424015,2,1800,48,3,1,1,0,0,0,20,2
1195,426993,2,1830,48,0,2,1,0,0,1,31,2
1195,426993,2,1830,48,0,2,1,0,2,0,29,2
1195,426993,2,1830,48,0,2,1,0,2,1,7,2
1021,440305,2,1530,5,0,5,1,14,2,0,90,1
1201,433693,3,1728,12,3,2,1,0,0,1,53,2
938,433452,1,920,51,0,5,1,0,1,1,90,1
688,435212,1,2244,51,3,2,5,0,0,1,22,2
979,435450,2,805,51,3,5,1,11,0,1,60,2
410,435730,2,850,42,3,5,1,0,0,0,33,2
1186,436384,1,745,51,3,5,1,11,0,1,38,1
926,424872,2,915,18,0,5,1,11,0,0,30,2
633,435475,2,1001,25,0,5,1,11,0,0,21,2
595,435616,2,1611,51,3,5,1,11,0,0,57,1
1003,435944,2,1005,51,3,5,1,0,0,0,50,2
522,429592,2,830,6,0,5,1,0,0,0,19,2
522,429592,2,830,6,0,5,1,0,2,0,19,2
1219,427324,2,640,20,0,2,1,11,0,0,25,2
59,434364,1,815,16,0,5,1,0,1,1,10,2
1308,436479,1,1035,51,0,5,1,0,1,1,86,2
876,435929,2,1630,5,0,2,1,0,0,1,41,2
1242,434477,2,1756,43,0,2,1,0,0,1,47,2
1478,426600,2,2020,11,3,2,1,11,0,0,19,2
525,426417,2,1110,49,0,5,1,13,0,1,48,2
525,426417,2,1110,49,0,5,1,13,2,1,36,2
1039,434456,3,1449,51,0,5,1,0,0,1,51,2
124,432241,2,1657,51,0,2,1,0,0,0,32,2
860,433237,3,1700,51,0,2,1,0,0,1,62,2
860,433237,3,1700,51,0,2,1,0,2,0,35,2
394,433435,2,2013,51,3,2,3,5,0,1,16,1
816,433298,1,2145,51,0,2,1,0,1,1,34,1
814,433299,1,223,51,0,2,1,0,1,1,40,1
901,437713,2,1835,5,0,2,1,14,2,0,53,2
901,437713,2,1835,5,0,2,1,14,2,0,55,2
123,436817,2,1451,7,0,5,1,10,0,1,22,1
123,436817,2,1451,7,0,5,1,0,0,0,51,2
1336,425882,2,630,49,0,1,1,0,0,1,42,1
651,434552,2,945,51,0,5,1,11,0,0,30,2
1163,434987,2,1250,51,3,5,5,4,0,1,21,2
1567,433381,4,1612,0,0,0,1,0,0,0,79,2
492,436017,1,650,25,3,2,5,0,1,0,58,1
1111,437457,1,1519,51,0,5,1,0,1,1,11,2
646,435408,1,1618,25,0,2,1,0,1,0,13,2
646,435408,1,1618,25,0,2,1,0,1,0,14,2
947,434593,2,1635,51,0,2,1,11,0,1,51,2
903,431129,2,1840,50,3,2,1,10,0,1,55,2
165,437724,1,2219,51,0,2,1,4,0,1,48,2
1032,432028,2,945,51,0,5,1,0,0,1,51,2
359,426001,2,1630,49,0,2,1,0,0,1,33,2
198,428337,2,1317,8,0,5,1,4,0,1,20,2
752,434503,2,1550,25,3,1,5,14,2,1,49,1
339,435583,2,2140,17,3,2,3,0,0,1,24,2
34,441199,2,424,51,3,2,4,13,0,1,24,2
34,441199,2,424,51,3,2,4,15,0,1,47,2
1384,436940,2,730,51,3,1,1,0,0,0,31,2
1384,436940,2,730,51,3,1,1,0,2,1,8,2
1137,434897,1,1012,51,0,5,1,5,1,0,23,2
552,425662,1,1528,51,3,5,5,0,1,1,15,2
1084,432718,2,1613,10,3,2,5,0,2,0,12,2
1084,432718,2,1613,10,3,2,5,0,2,0,36,2
469,431697,3,1700,8,3,2,4,0,0,1,24,2
469,431697,3,1700,8,3,2,4,0,2,0,19,2
469,431697,3,1700,8,3,2,4,0,0,1,20,2
465,425810,2,1835,19,3,2,1,0,0,0,54,2
349,437875,1,805,51,1,5,1,0,1,0,12,2
390,437526,1,720,51,0,2,1,0,1,0,54,1
464,434458,2,818,17,1,5,1,11,0,0,27,2
741,430946,2,925,51,3,5,1,0,0,0,28,2
217,443542,2,930,25,0,5,1,9,0,1,18,2
1331,433751,2,1050,10,0,5,1,0,0,1,31,2
1331,433751,2,1050,10,0,5,1,0,2,0,30,2
1331,433751,2,1050,10,0,5,1,0,0,0,61,2
1331,433751,2,1050,10,0,5,1,0,2,1,64,2
1571,446987,2,1230,51,3,5,1,11,0,1,43,1
1187,438652,2,1545,51,3,5,1,0,0,0,52,2
1187,438652,2,1545,51,3,5,1,0,0,1,55,2
446,435873,2,1714,51,3,2,5,9,0,1,21,2
71,439495,2,1723,17,3,2,5,11,0,1,36,1
959,439192,3,1715,7,3,1,6,0,0,0,82,2
964,433454,1,30,51,0,1,1,0,1,1,24,2
425,426358,1,750,18,1,5,1,0,0,0,21,2
43,445711,1,1035,51,3,5,1,0,1,1,86,2
1281,426150,2,1705,5,0,2,1,9,0,1,50,1
457,434757,2,1600,51,0,5,1,14,0,1,45,2
457,434757,2,1600,51,0,5,1,14,2,0,30,2
457,434757,2,1600,51,0,5,1,14,2,0,24,2
457,434757,2,1600,51,0,5,1,14,2,0,35,2
457,434757,2,1600,51,0,5,1,14,2,1,48,2
457,434757,2,1600,51,0,5,1,14,2,0,44,2
457,434757,2,1600,51,0,5,1,14,2,0,37,2
806,436547,2,1740,5,0,2,1,0,0,1,57,2
806,436547,2,1740,5,0,2,1,0,2,0,57,2
988,434255,3,1857,5,0,2,1,0,2,0,40,2
795,433787,2,1645,51,3,2,1,11,0,1,30,2
639,437436,1,2153,42,3,2,1,0,0,1,15,1
639,437436,1,2153,42,3,2,1,0,2,1,24,0
639,437436,1,2153,42,3,2,1,0,2,1,14,0
639,437436,1,2153,42,3,2,1,0,2,1,12,0
639,437436,1,2153,42,3,2,1,0,2,1,15,0
639,437436,1,2153,42,3,2,1,0,2,1,24,0
788,434372,1,100,25,3,2,1,0,1,1,18,2
584,436496,3,1115,51,3,5,1,0,0,1,38,1
584,436496,3,1115,51,3,5,1,0,0,0,53,2
876,435928,2,1250,5,0,5,1,0,0,0,25,2
876,435928,2,1250,5,0,5,1,0,0,0,54,2
1513,449559,2,1600,0,3,5,1,0,0,0,60,2
1028,431212,2,1240,51,0,5,1,0,0,0,39,2
1028,431212,2,1240,51,0,5,1,0,2,0,76,2
1123,426348,2,1346,49,3,5,1,0,0,0,48,2
1123,426348,2,1346,49,3,5,1,0,2,0,37,2
1123,426348,2,1346,49,3,5,1,0,0,0,44,2
1123,426348,2,1346,49,3,5,1,0,2,0,35,2
1180,426118,2,1805,48,0,2,1,0,0,0,29,2
1180,426118,2,1805,48,0,2,1,0,2,1,30,2
1351,434642,2,730,12,0,2,1,11,0,1,27,2
52,440236,2,847,17,3,5,1,11,0,1,26,2
587,437012,2,935,42,0,5,1,11,0,1,31,2
629,425984,4,1400,20,0,5,1,0,0,0,51,2
267,440818,1,943,51,0,5,1,0,1,1,23,2
1461,427517,2,2215,51,0,2,1,0,0,1,28,2
1461,427517,2,2215,51,0,2,1,0,2,1,27,2
3,442021,2,2134,51,0,1,1,0,2,0,64,2
1333,435399,1,1605,51,0,5,1,14,2,1,85,2
110,432468,2,1644,51,0,2,1,0,0,0,74,2
110,432468,2,1644,51,0,2,1,0,2,0,96,2
1506,434536,3,1800,48,0,0,1,0,0,0,60,2
1506,434536,3,1800,48,0,0,1,0,0,1,38,2
366,438491,3,825,51,0,5,1,0,0,1,22,2
1237,434592,2,740,43,3,2,1,0,0,0,43,2
263,428294,2,1315,50,0,5,1,0,0,1,25,2
1070,434012,1,1510,51,3,5,7,14,2,0,55,2
815,434320,1,45,51,3,2,1,0,0,0,28,2
1550,439622,1,543,0,2,0,7,13,0,1,23,1
843,430949,4,520,51,1,2,1,0,0,1,32,2
723,433786,1,921,2,3,5,1,0,1,0,16,2
397,427932,2,1323,51,3,5,5,0,2,0,32,2
397,427932,2,1323,51,3,5,5,0,2,1,38,2
790,432848,2,1449,51,0,5,1,0,0,1,32,2
790,432848,2,1449,51,0,5,1,0,2,1,50,2
790,432848,2,1449,51,0,5,1,0,2,0,43,2
790,432848,2,1449,51,0,5,1,0,2,0,36,2
1519,444960,3,1630,0,0,0,1,0,0,0,29,2
864,433814,2,1445,51,0,5,1,6,1,1,24,2
1357,436031,2,1650,51,0,2,1,0,0,1,30,2
548,431345,1,1705,15,0,2,1,0,1,1,40,1
1020,428490,2,1742,51,0,2,1,0,0,1,50,2
80,434941,2,1813,51,0,1,1,0,0,1,51,2
1345,434565,2,1850,13,3,2,3,0,0,1,67,2
945,439041,2,1910,5,0,2,1,0,0,1,30,2
925,437074,3,2320,51,3,4,1,0,0,1,22,2
685,435266,2,2330,51,0,1,1,0,2,1,28,2
685,435266,2,2330,51,0,1,1,0,2,1,25,2
695,433727,2,152,2,0,2,1,0,2,1,25,2
695,433727,2,152,2,0,2,1,0,2,1,25,2
281,431369,2,1021,2,3,5,1,0,2,1,20,2
281,431369,2,1021,2,3,5,1,0,2,1,24,2
281,431369,2,1021,2,3,5,1,0,0,1,20,2
1107,436140,1,1800,51,2,2,7,0,1,0,45,2
482,426303,2,1827,19,3,2,1,0,0,1,37,2
482,426303,2,1827,19,3,2,1,0,2,1,34,2
482,426303,2,1827,19,3,2,1,0,0,1,48,2
1182,429817,2,1420,5,3,5,1,0,2,1,31,2
409,433523,2,2038,51,0,1,1,0,0,1,20,2
324,426099,2,852,49,0,5,1,0,0,0,33,2
1537,427996,2,1148,26,3,5,1,9,0,1,33,2
925,431796,2,855,5,0,5,1,0,0,0,18,2
925,431796,2,855,5,0,5,1,0,2,0,24,2
1473,430384,1,1450,14,3,5,1,14,1,0,80,1
868,434315,2,1635,13,3,2,1,0,2,1,4,2
868,434315,2,1635,13,3,2,1,0,0,0,21,2
1488,447400,2,1812,2,3,0,1,0,0,1,79,2
506,426678,2,2000,19,3,2,3,13,0,1,58,2
388,438041,2,2020,7,3,2,5,11,0,0,57,2
820,431022,2,300,19,3,2,1,9,0,1,40,1
1442,428987,2,1320,51,0,5,1,0,2,0,67,2
209,438095,1,1500,51,0,5,1,0,1,1,31,1
1052,438273,1,1510,51,0,5,1,0,1,0,13,1
1052,438273,1,1510,51,0,5,1,0,1,0,13,1
1476,431558,2,1550,14,0,2,1,0,0,0,39,2
545,429068,2,1615,6,3,2,1,0,0,1,59,2
545,429068,2,1615,6,3,2,1,0,2,0,57,2
1222,438359,1,1700,51,0,2,1,0,0,0,81,1
13,442438,2,1530,4,1,2,1,0,0,1,25,2
219,440283,2,1720,51,0,2,1,0,0,0,38,2
570,427778,2,1840,19,3,2,1,0,0,0,45,2
780,434289,1,1920,51,0,2,1,0,1,0,21,2
514,436712,1,36,51,3,2,5,0,0,1,18,2
1520,430749,1,337,36,3,2,1,13,0,1,22,1
1520,430749,1,337,36,3,2,1,13,2,1,18,1
1520,430749,1,337,36,3,2,1,13,2,0,24,1
1407,425919,2,500,49,0,2,1,0,0,1,24,1
100,432821,1,1730,51,0,2,1,9,0,1,55,2
100,432821,1,1730,51,0,2,1,9,1,1,53,2
673,438574,2,1034,7,0,5,1,0,0,1,46,2
241,425896,4,2356,30,3,2,0,0,0,1,23,2
82,440672,2,837,51,0,5,1,11,0,1,36,1
293,427095,2,1600,51,3,5,1,0,0,0,29,2
1043,431732,1,1800,51,0,2,1,15,2,0,15,2
1417,427362,1,1049,14,0,5,1,0,2,0,71,2
313,428180,1,1110,31,3,5,0,0,1,0,32,2
121,433427,2,1254,40,1,5,0,0,0,1,76,2
19,441578,1,1500,51,0,5,1,0,1,0,12,2
396,433439,1,1856,51,3,2,1,0,1,1,21,2
1190,435347,1,2000,51,1,2,4,0,1,0,58,1
25,432661,1,750,51,0,5,1,0,1,1,12,2
336,435581,2,1620,51,0,2,1,11,0,1,46,2
658,433513,2,1655,51,0,2,1,14,2,1,7,2
1509,432074,3,1806,10,3,2,1,0,0,1,49,2
1231,435859,2,2310,51,3,2,1,11,0,1,32,1
253,436514,2,715,17,0,2,0,0,2,1,26,2
484,433624,2,1835,16,0,2,1,5,0,1,25,2
484,433624,2,1835,16,0,2,1,0,0,0,32,2
580,432796,2,730,51,1,2,1,0,0,1,51,2
228,433189,1,857,6,3,5,1,13,1,0,78,2
1099,426429,2,902,49,0,5,3,13,0,1,26,2
1192,427031,3,925,48,3,5,1,0,0,1,36,2
1192,427031,3,925,48,3,5,1,0,0,1,59,2
414,434731,2,1245,17,3,5,1,11,0,1,57,2
1131,429798,3,1535,51,0,5,1,0,0,1,40,1
1131,429798,3,1535,51,0,5,1,0,0,0,36,2
1131,429798,3,1535,51,0,5,1,0,2,0,8,2
1131,429798,3,1535,51,0,5,1,0,2,0,7,2
1131,429798,3,1535,51,0,5,1,0,2,1,10,2
974,434007,2,1645,51,3,2,1,5,0,1,18,2
485,436097,1,1610,25,3,2,1,0,1,1,18,2
1176,435339,1,1823,51,3,2,5,0,1,0,47,2
1543,444969,2,2115,51,0,2,1,11,0,1,14,2
632,432948,2,835,51,3,5,1,11,0,1,41,2
321,439100,1,1806,51,1,2,1,0,1,1,10,2
634,435467,1,820,51,1,2,1,0,1,0,23,1
719,431223,1,840,51,1,5,1,2,1,1,10,2
153,434953,2,1100,51,3,5,1,12,0,1,51,2
153,434953,2,1100,51,3,5,1,12,2,0,77,2
1177,435328,3,1650,43,3,2,5,0,2,0,6,2
1177,435328,3,1650,43,3,2,5,0,2,0,5,2
1136,435700,2,2207,2,3,2,1,0,2,0,11,2
233,433181,2,635,6,0,2,1,0,0,1,29,2
784,434401,2,705,2,1,2,5,0,0,0,45,2
986,429956,1,800,51,1,5,1,5,0,0,24,2
136,435534,1,840,51,0,1,1,0,1,1,37,2
375,438009,2,755,7,3,2,1,11,0,1,43,2
1215,434076,1,900,51,1,5,3,0,1,0,10,2
1379,436251,1,954,51,0,5,1,14,2,0,71,2
261,432975,2,1200,39,0,5,1,0,0,1,57,2
261,432975,2,1200,39,0,5,1,0,0,0,52,1
358,437988,1,1210,7,3,5,1,0,1,1,13,1
1100,435184,2,1625,2,0,2,1,0,0,1,36,2
1062,434130,5,1518,51,0,5,1,0,1,1,10,1
714,433459,2,1620,51,0,2,1,11,0,1,42,2
1074,435028,2,1752,51,3,2,1,11,0,1,45,2
1295,435850,1,1755,51,3,2,1,14,2,1,64,1
1542,445001,1,2200,51,3,2,1,0,0,0,23,2
235,433369,2,655,51,3,2,1,4,0,1,25,1
415,440070,2,1100,51,3,5,1,11,0,1,36,2
1468,430267,2,1920,51,1,2,1,0,1,0,55,2
1286,434898,1,2007,51,3,2,1,0,1,0,16,2
131,440094,1,1733,51,1,0,1,0,0,1,18,2
131,440094,1,1733,51,1,0,1,0,2,1,19,2
1555,434874,1,1008,51,1,5,1,0,0,0,26,2
1555,434874,1,1008,51,1,5,1,0,2,1,2,2
1210,432044,2,1340,51,3,5,1,5,0,1,22,2
249,428997,1,1600,8,3,2,1,0,1,0,13,1
249,428997,1,1600,8,3,2,1,0,1,0,14,1
356,439906,2,1804,51,0,2,1,11,0,1,54,2
1103,434015,2,1330,51,0,5,1,9,0,0,27,2
542,432505,2,1759,8,3,2,1,11,0,1,42,2
1098,435185,3,845,2,3,5,1,0,0,0,26,2
879,432101,2,1620,51,0,2,1,13,0,1,35,2
934,431980,2,2235,51,0,1,1,0,1,1,38,1
182,438511,1,1530,51,0,2,1,0,1,0,66,0
182,438511,1,1530,51,0,2,1,0,1,0,1,2
1316,429930,2,1545,48,0,5,1,0,0,1,45,2
286,433080,2,1700,39,0,2,1,0,2,1,19,1
1052,428408,2,2030,51,3,2,1,9,0,1,19,1
890,433477,1,710,51,3,2,1,8,1,0,37,2
334,431665,2,930,51,0,5,1,0,0,1,79,1
368,431728,2,1735,6,0,2,1,11,0,0,33,2
391,439189,1,835,25,3,5,1,0,0,0,53,2
384,441341,2,1300,25,0,5,1,0,0,0,20,2
974,433827,2,1556,13,0,5,1,0,0,1,83,2
803,434208,1,1624,25,0,2,1,15,2,0,35,2
803,434208,1,1624,25,0,2,1,15,2,0,59,2
1522,430222,1,1700,51,0,2,1,0,1,1,69,1
463,436105,1,1300,42,0,5,1,0,1,1,13,1
855,435114,2,1555,51,3,1,1,11,0,0,46,2
1074,435030,2,1621,51,3,2,1,0,2,0,42,2
1074,435030,2,1621,51,3,2,1,0,0,1,38,2
878,427678,1,1920,51,3,2,1,0,1,1,24,2
1556,438926,2,1433,0,0,5,1,0,0,1,36,2
1556,438926,2,1433,0,0,5,1,0,2,0,27,2
1368,433394,2,1640,51,0,2,1,0,0,1,84,2
73,436984,2,1645,51,0,5,1,0,0,0,32,2
479,426124,1,2345,51,0,2,1,0,0,0,52,2
1494,435571,1,1355,47,3,5,1,0,0,1,26,1
1494,435571,1,1355,47,3,5,1,0,2,0,24,2
1365,434861,2,1454,12,0,5,5,15,0,1,42,2
473,431800,2,1050,51,0,5,1,0,0,1,28,2
473,431800,2,1050,51,0,5,1,13,0,1,57,2
234,433245,1,1105,51,3,5,1,9,0,1,23,2
77,441460,1,1334,51,0,5,1,0,1,1,7,2
1033,432793,3,2205,51,1,2,1,0,0,1,31,2
1033,432793,3,2205,51,1,2,1,0,2,1,25,2
789,427973,1,1610,51,3,5,1,9,1,0,18,1
538,432472,2,1800,8,0,2,1,0,0,1,48,2
538,432472,2,1800,8,0,2,1,0,2,0,31,2
1064,435060,2,1955,2,0,2,1,0,0,1,56,2
1474,433851,1,500,48,1,0,1,8,1,1,20,0
69,434568,2,816,7,1,5,7,0,0,0,24,2
948,436749,2,1439,51,2,5,1,0,2,1,29,2
130,433535,1,2215,39,3,2,1,0,1,1,36,2
1158,430008,2,107,50,3,2,5,0,0,1,18,1
1158,430008,2,107,50,3,2,5,0,2,1,18,1
335,438110,1,1120,7,3,5,4,0,1,0,16,2
1081,431610,2,1125,11,3,5,1,0,0,0,28,2
1081,431610,2,1125,11,3,5,1,0,2,1,23,2
1081,431610,2,1125,11,3,5,1,0,2,0,64,2
1561,435703,2,1345,0,0,5,1,0,0,0,70,2
4,443207,2,1550,51,3,0,1,0,0,1,35,2
4,443207,2,1550,51,3,0,1,0,2,0,35,2
4,443207,2,1550,51,3,0,1,0,0,1,23,2
1019,428170,1,1550,51,0,5,1,14,2,0,65,2
1013,439018,2,1345,51,0,5,1,0,0,1,21,2
875,431175,2,1515,51,2,5,7,0,0,1,19,2
875,431175,2,1515,51,2,5,7,0,2,1,21,2
467,436446,3,1935,51,3,2,5,4,0,1,23,2
45,434279,2,2111,45,3,2,5,0,0,1,20,2
1147,435868,2,2320,51,3,2,1,9,0,1,34,1
92,435973,2,1400,51,3,5,5,1,0,1,27,2
