0,1,y
-1.12626867,-0.865435397,2
0.560313891,-1.552295015,2
0.572803588,-1.518567916,2
3.458402282,0.40182004,2
-1.028364521,-0.284046342,2
-1.102579065,-0.642773045,3
-1.262979413,-0.930625862,3
0.105070574,2.02146632,2
0.087576169,2.889845389,2
0.075086471,2.85611829,2
-0.15901194,0.634691987,2
1.351576437,0.836355231,1
-0.596328528,-1.571766689,2
0.258585067,-2.717612429,2
-0.980956414,-1.323365863,2
-0.99845082,-0.454986794,2
-1.587350678,-0.488576609,1
-0.101690119,0.349029526,2
-0.564082939,0.875310705,1
0.154445762,0.63165276,2
-1.248118505,-1.123031771,1
0.978947856,-1.086974486,2
-0.862575593,0.705437407,1
0.392644848,1.854337961,2
1.679902051,0.673769532,2
1.829052842,1.846864968,2
1.829052842,1.846864968,2
1.822807993,1.830001419,2
-0.915040639,-2.043736962,2
0.663832559,-2.642466477,2
-0.549653792,1.117751254,2
-0.485965161,2.205356466,2
-1.246780957,-1.521148568,2
1.61778532,1.412532059,1
2.862742925,-3.58458479,3
3.038838836,-2.193435686,3
-0.902919696,-0.552601863,2
3.219303139,-1.396697406,2
1.74342106,0.509719217,3
-0.395652697,-0.527685432,1
-0.420632093,-0.59513963,1
-0.893355158,-0.04368599,2
0.15721139,1.490456598,3
-0.480065116,0.273796997,3
-0.611569735,0.303847581,3
-0.486672756,0.641118571,3
-0.52414185,0.539937274,3
-0.079010913,-2.06371965,2
-1.217919399,-0.461948191,2
-1.305813514,-0.935963715,2
0.441323576,0.008149527,2
0.09233762,-1.704579493,2
0.143301471,1.027480943,2
0.08436481,-0.423251504,2
-0.003063074,-0.659341197,2
-0.295152938,-1.233223129,2
0.404334843,-2.388791073,2
-0.974656333,-1.807022375,2
-1.08157319,-1.620617493,2
2.134283027,-1.549068098,2
-1.033391153,-0.125131158,2
1.317868271,0.962367022,1
1.341768269,0.40011637,1
-0.309535911,-0.111070979,2
0.509238577,-1.582862526,2
0.008608334,0.555247546,2
1.143780247,0.258955058,2
1.082543958,0.708926723,2
1.715987797,1.117978051,2
1.747212041,1.202295798,2
-0.279582474,0.015827445,1
1.289557528,-1.007146103,1
-0.722380984,-0.461539849,2
-0.076682047,0.977820524,2
-0.014392681,1.40546406,2
0.016831564,1.489781807,2
-0.04009766,2.10638011,2
-0.059632318,-1.502755487,2
0.526035592,-2.461656224,3
0.508541186,-1.593277154,3
0.450749399,-1.615638777,2
0.871805725,-2.04652326,5
0.940499063,-1.861024215,5
0.929249507,-0.975781597,5
0.996702704,-1.70925227,5
0.892505996,-1.845333142,5
1.096620286,-1.439435478,5
1.169685063,0.126071977,2
1.338295984,0.581387813,2
3.491319789,-0.230799865,2
0.56249471,1.477640105,2
0.616007042,2.247182829,2
2.549963191,-1.905655612,1
2.775529983,-2.754889206,2
0.655800963,-1.751071238,2
-1.412452062,-0.582372984,2
3.094283358,-0.300675865,1
1.575008675,0.149177094,2
3.435861361,0.202645888,2
-0.921639516,-0.620832453,3
-0.939133921,0.247546616,3
-0.764278151,0.719726002,3
-0.660081444,0.855806873,3
1.453496782,0.977386047,2
1.672792077,0.799240032,2
1.613897129,1.265238864,2
1.470991187,0.109006978,2
-0.286103003,0.899362493,2
-0.881354871,0.128000907,2
-0.923828672,0.928925778,2
1.246621103,0.874648502,1
1.320016204,0.093824382,1
-1.258108213,-0.925043042,2
-1.10110793,-0.771686234,3
-1.005469471,-0.368133522,3
-0.17356706,1.947976018,1
-0.966900069,-1.006797725,2
0.045202802,1.612055375,2
-0.936541846,-0.111211307,2
-0.826304894,-0.868068116,1
-0.663448389,-0.424613711,2
-0.720377612,0.191984591,2
0.13396274,0.847431439,2
1.457177723,0.322484086,2
1.470907562,1.275180902,2
1.919863575,1.007208726,2
0.053462123,2.440665831,1
-0.146373042,1.901032248,1
-0.223693503,1.203580721,2
0.216980628,1.649543854,2
0.779644023,-2.496584458,2
0.88384073,-2.360503586,2
0.897570569,-1.407806769,2
-1.36338639,-0.903799195,2
-0.864470272,-0.817165721,2
-0.644971554,0.286828888,2
0.732473983,-0.918503534,3
0.70248988,-0.083851564,3
0.734439708,-0.767904064,3
-0.039479457,1.001242781,2
-0.199650447,1.276643525,2
1.10034985,-1.100338893,2
-1.10492835,0.418924431,2
-1.25011525,-0.342773192,2
-0.590705235,-0.513219258,2
1.472444783,0.705361769,3
1.434250106,1.37255072,3
1.432284381,1.22195125,3
-0.161764189,2.177892002,2
0.245520399,0.023813429,2
1.61431849,1.569727915,2
-1.091732432,-0.378022274,1
-0.917779404,-1.189836123,2
0.945993233,-0.161899829,1
0.882263434,0.075790376,2
0.041161253,-0.985948326,2
-1.192311987,-0.574170008,1
0.182971015,-1.90073096,2
-1.223899394,-0.921954355,2
-0.969155692,0.504478143,1
0.166457831,-0.764717953,1
0.069850648,0.24349537,1
-1.465041355,-0.695735462,1
-0.604502478,-0.851553542,2
-0.526407755,0.116867014,2
-0.178622768,1.328006267,2
-1.131581414,-0.731969853,2
-1.332822827,-1.136691909,2
-1.281623895,-0.082813796,2
0.567210785,-1.09894055,2
-0.43017243,0.943441519,2
1.882330613,0.291656762,3
1.971724222,0.678345925,3
3.592938541,1.125267271,1
0.817943987,-2.328601044,2
0.606292233,-1.419813987,2
0.562578291,-1.537858833,2
0.56882314,-1.520995284,2
-0.645336286,0.871833195,1
-0.514568497,-0.162022454,2
-0.412233186,0.823205743,2
0.51048318,-2.222209842,2
3.460304441,-1.080406819,2
2.73706465,-1.375746307,2
0.036438848,-1.882951291,2
-1.265931457,-1.018929651,2
0.229184263,-1.604298013,2
-0.91381298,-0.654611808,2
-0.745927642,0.569074277,2
0.666618117,1.527617911,1
0.113239545,1.312030963,2
0.00635153,1.793720869,2
-0.593733926,-1.060400425,1
2.70609664,-2.827121374,1
2.931953125,-1.464892367,2
3.004925587,-1.413129243,2
-0.52961675,0.068423875,2
0.105628118,1.146304479,2
-1.055498424,-0.77529153,2
-0.977006696,0.061705392,2
-0.931327029,0.330349708,2
0.08751097,-1.220371899,2
-0.100560081,-0.957908136,2
-1.003870458,-1.67272457,2
-1.195167128,-0.433332807,1
-1.096852478,-0.698300609,1
-1.3800008,-1.047304957,2
-1.391250356,-0.162062339,2
-1.228158701,-0.4919803,2
-0.895541402,-0.499892476,2
-1.017412192,-0.730722274,1
-0.82369412,-2.21395376,3
-0.306896026,0.864388868,2
-0.805619361,-0.433667541,2
-0.910561666,0.199316931,2
-1.610385178,-0.832783225,1
1.190829529,-1.034582393,2
0.270456059,1.683850632,1
0.452250093,-2.69828084,3
0.7457114,-1.259068177,1
-1.571847589,-0.52096625,2
-0.321904598,0.332235254,2
-0.346592783,1.250488219,2
0.957234947,-0.172934964,2
1.00843388,0.880943149,2
-0.596404984,1.194127943,2
-0.647089358,1.827589795,2
-0.732551519,1.742099572,2
-0.509702682,2.198587884,2
-0.732551519,1.742099572,2
-0.538961202,2.264869606,2
-0.042838285,0.223836671,2
0.27564901,1.083877695,2
0.231209484,1.734203097,2
0.218719786,1.700475998,2
1.654706275,-0.008359276,2
1.516946614,-0.56969803,2
1.505697058,0.315544589,2
-0.102406573,1.471315042,2
-0.266738369,0.882263286,2
-0.862762819,-0.331003469,2
3.049769019,0.202474641,1
-1.274866961,-0.775026373,2
3.288654339,0.042299608,2
-1.053777715,-1.336622887,2
-1.033682696,-0.40816181,2
-0.059389349,0.802288565,2
-1.026849465,-0.633262959,2
-0.944704154,0.360305934,1
-0.677502159,0.109696767,2
-0.677502159,0.109696767,2
-0.397787179,-0.049114795,1
-0.088878504,1.583870096,1
1.689381802,-0.449215394,2
0.301908147,0.187366455,2
-0.258603746,1.109935509,2
-0.006749412,2.272465882,1
-1.264678072,0.649613536,1
0.365781961,1.923891201,3
0.142475924,0.596241797,2
-1.225674515,-0.860340569,1
2.611170238,-2.342402681,2
-0.862554416,-0.192963871,1
-1.095534489,-1.677569354,3
0.347567362,-1.763394722,2
-1.207733174,0.318195188,2
1.662368952,1.712525577,2
1.712327744,1.847433973,2
0.374607746,-1.397339197,3
-0.168768449,0.434227337,1
-0.068850866,0.704044129,1
0.973580378,-0.491194661,2
1.713870779,1.188859371,1
1.255098908,0.745510182,2
0.196668463,0.433069656,4
0.832122115,-1.012140058,2
0.720741052,-0.730378908,2
0.050639279,0.400414142,3
0.115053492,0.719649106,3
-0.393987838,-0.757994739,2
-0.430216791,0.059793682,2
0.788347895,-1.700387409,5
-1.587610071,-1.38147591,1
-1.362675893,0.190209231,1
-0.597070911,0.377506912,2
-1.008666974,-0.882169167,2
-0.764045974,-1.361299528,2
-1.373120192,-0.323750061,1
0.966186374,-0.2505934,2
-0.24153654,0.776978125,2
-1.434605885,-1.279518249,2
3.740077191,-0.969414881,2
3.685113692,-0.202217109,2
3.783791133,-0.851370035,2
2.823283556,-2.172158962,5
2.805789151,-1.303779893,5
0.958465489,-2.157745128,2
2.306993458,-1.968350619,2
-0.862684898,1.208357491,1
-0.870779373,0.482438943,1
-0.20905522,1.394087182,2
-0.815410991,-0.051667057,1
-1.205984704,0.459309937,1
3.828759045,0.126287728,2
0.23860799,-2.208195927,2
-1.211412627,0.166945016,2
-1.084484266,1.266250185,2
-1.105184537,1.065060067,2
-0.308133337,1.262557047,2
-0.389316373,1.043330904,2
0.055242762,2.162895846,2
0.285576589,3.555217426,2
-0.000960878,2.011123901,2
-0.005965586,2.913230069,2
0.191903855,3.302264183,2
1.992580839,-1.172172086,2
3.237942846,-0.925299867,1
-0.731734441,0.58926133,1
-0.952241041,-0.281071217,1
-0.875138941,0.401631344,2
-0.49392187,0.683565906,1
-0.087744089,0.099101868,2
2.398615877,-2.23587156,2
2.385400596,-1.501228411,2
-1.213119866,-0.97916986,2
3.411533624,-0.77023939,2
-0.864703792,1.079786375,1
-1.064727593,0.063263576,1
0.653498421,1.200706379,2
-1.050094445,-2.400223108,2
-1.442681455,-1.020279612,2
-1.121933764,-0.85815676,1
-0.760428263,-0.288812485,2
-0.041385087,0.434666156,2
-1.222001946,-1.583008224,2
-0.420240818,-0.417269684,1
-0.451540653,0.124136959,2
-0.4702752,0.07354631,2
-0.531483548,0.823880533,2
1.080978214,-0.424932535,2
3.173952808,-0.298322745,2
3.0295957,0.082185865,2
3.087765065,0.38455728,2
2.102317384,-2.315043662,2
-0.457541685,-0.424106575,2
2.848209679,-3.066801785,2
-1.064936408,-0.684631564,2
0.746677854,-0.941073512,2
2.542660803,-2.036049257,2
-1.682381073,-1.399408794,2
-1.208866873,-0.52212943,2
-1.070285639,-0.610306604,1
0.047971786,1.117021609,2
-0.367232225,0.86120259,2
-0.470685002,0.157733504,2
2.595170594,-1.768710102,2
0.142404737,-0.542108899,2
0.124910332,0.32627017,2
-0.800876513,-0.824369503,1
2.666358127,-0.77560739,1
-0.510144477,0.614729802,1
0.845418411,-0.44902218,2
0.607388568,-0.321466813,2
-0.014830255,0.886161571,1
3.339557896,-0.770516555,2
-0.900737359,-0.69815138,2
-1.081837978,-1.187194315,2
-0.802969643,-1.114678597,2
-0.252761302,-0.465353909,2
-0.303445677,0.168107943,2
-0.277740698,-0.532808107,2
-0.06051307,1.910893511,2
-0.150632263,2.292574596,2
-0.20611032,1.372432403,2
-1.429546484,-0.947257104,2
2.950920624,-2.503340363,2
2.627823589,-1.788941167,1
3.267966569,-0.027776025,1
0.180481003,1.038589963,1
0.701205504,-1.518061954,2
-0.986481264,0.182927112,1
3.600034081,0.957161879,2
3.547383982,1.440024261,2
-1.450762741,-0.154525746,1
-0.550259108,0.099738626,1
0.626871778,-2.108753548,2
-0.829098577,-0.310635725,1
3.513811273,-0.09582744,2
3.600513575,0.908632501,2
3.613003273,0.9423596,2
-1.39320948,-0.762422705,1
-0.934304021,-1.492063514,2
-1.855635468,-1.017730316,1
-0.479326939,0.919911556,2
0.241860945,1.316857319,2
0.198147002,1.198812473,2
-1.05827712,-1.094590361,2
2.846877369,-1.319917483,2
0.137255213,2.268626218,1
1.089769011,-1.460470296,2
-0.100896924,1.070303422,2
0.093933534,2.512043174,2
-1.240290722,-0.365762036,2
-1.317194634,-0.718724099,2
-0.967936025,0.521641876,2
0.461656059,0.208886108,4
-0.260435522,1.027226252,2
-0.081547484,1.971134696,2
-0.220899885,1.449537137,2
-0.541062529,-0.358654461,2
-0.573012356,0.325398039,2
-0.820709973,-1.076047822,2
-0.797754558,-0.368113861,2
-0.702128171,-0.304969405,2
-0.62450811,-0.466246556,2
-1.24264017,-0.908145783,2
3.847486652,0.292314023,1
2.224210183,-1.920375526,2
0.140793197,1.309981532,2
-0.173672676,1.751622456,2
-0.872669016,-0.334566467,1
-1.136825778,-1.625297154,2
-1.107525853,-1.47589505,2
-1.423390943,-0.67212589,1
-0.94265064,-0.525156881,2
-0.364299855,2.027373833,1
-0.961784191,-0.0812558,2
-1.948052063,-1.157299997,1
-1.211804828,-1.743298855,2
0.427754528,0.758228275,3
-0.028336736,1.714618893,1
-0.734556407,0.302502721,2
-1.285094961,-1.720551699,2
3.649139992,0.314601869,1
3.039488557,-0.458353477,2
-0.134548782,0.759149455,2
-0.33842074,-1.079564866,2
-0.388755253,-0.701077372,2
0.970457589,-1.441303144,2
-0.525915724,-0.276337296,2
1.225395272,-0.870774847,2
3.561657746,-0.653920841,2
1.050689191,0.302734649,2
0.245935265,0.773767324,2
1.646537789,1.548521303,1
1.792185312,-0.888432642,2
-1.066304829,0.770010094,2
0.733883371,-0.418023133,1
0.146538603,1.904549039,3
0.221476791,2.106911633,3
-0.805011977,-0.556274293,2
0.085497796,-1.971404461,2
2.596029524,-2.326075928,2
1.959660231,-2.005384964,1
2.681342229,-2.831640118,3
0.055787536,-0.808905953,2
-0.319772813,-0.104797458,2
-1.328590803,-0.14648243,3
-1.170014951,-0.024555039,2
-0.013461844,1.984732778,1
0.008507324,1.661262537,1
2.567093117,-1.779115233,2
2.307986435,-1.344827176,1
1.96190539,-0.761375363,2
2.655106498,-1.102796668,1
-1.392894552,-0.23372975,1
-0.963504288,0.509722302,1
-0.963504288,0.509722302,1
3.719546603,0.29350221,1
3.34666248,0.020066887,2
3.592177313,0.828344787,2
3.610911859,0.878935435,2
0.817845456,-2.242945814,2
-0.273730459,-0.872347044,2
-0.704625034,-2.035931959,2
-0.690895195,-1.083235143,2
-0.475292342,1.018753912,2
-0.123744502,1.604252561,2
-1.471293139,-1.004150399,2
-1.183374427,-0.875601243,2
-1.03280953,0.635530972,1
-0.518525925,0.630075614,2
-0.807854293,0.239343808,3
0.542658359,1.647343986,2
0.548903208,1.664207536,2
0.555148057,1.681071085,2
-0.391794289,-0.456368138,4
-1.489901143,-0.752581641,1
-0.803000488,-0.184866334,2
0.514234253,0.321029539,1
0.526723951,0.354756638,1
-0.946704315,1.004313271,2
-0.967404586,0.803123153,2
-0.524655936,-1.396930129,2
-0.612809404,-0.864649575,2
-1.018783106,-0.332545246,1
-0.198822581,0.630402299,2
-0.000497313,2.207642435,1
-1.445424395,-1.05249824,2
-1.232116613,-0.895139985,2
-0.469888298,-0.775248836,3
-0.884517658,-0.111219756,2
-0.595978081,-1.214482688,6
-0.640417607,-0.564157286,6
-0.417070326,-0.529531986,2
-0.513434367,-0.16471445,2
-0.836527414,-1.515504072,2
-0.369396005,0.297795815,3
-0.723093095,-0.433576069,1
0.048523122,-0.049126431,2
-1.146766336,0.886750641,1
0.529254757,-1.314195964,2
3.083073666,-1.970674317,3
2.799442972,-1.479024693,1
2.420650653,-1.372994534,1
-0.400881074,-0.129242438,2
0.502787078,-0.808266685,2
2.061744176,-1.518838499,2
0.202523767,1.827744058,2
0.165054673,1.726562761,2
1.811317625,-0.064669058,2
-0.998634188,-0.776894836,2
-0.75072334,-1.50513968,5
-0.442509726,0.749839416,3
-0.768374263,0.888550153,1
-0.699311871,-0.751031118,2
-1.294735194,-0.596082489,2
-0.658780466,-1.662360234,2
-1.123500007,0.61829081,2
-1.072703754,0.498708503,2
0.191630215,2.410383925,1
-1.017065266,-0.841740991,2
-0.725872977,-0.266472509,1
-0.805815871,0.433271065,1
0.064755952,2.337026491,1
-0.57715401,-1.1689151,1
0.246597342,1.570632911,1
0.191017813,2.297093921,2
0.266681583,1.731086267,2
0.234731756,2.415138768,2
-0.252892844,1.603229483,2
-0.887173431,-1.658193786,2
-0.897483853,-0.272699987,2
-0.476202554,-0.551074701,2
0.103463878,2.113425142,1
-0.496216927,-0.803282105,1
-0.735574668,-1.014048126,1
-0.956526704,-1.443849812,3
-0.823419153,-0.939115803,3
-0.881588517,-1.241487218,3
-0.551330312,-0.588994891,3
-0.500300778,0.774033269,2
-0.992313489,-0.435418891,2
-0.153621737,-0.6342368,2
-0.014364568,0.8310847,2
-0.403884648,1.995214269,2
0.00933854,1.462244453,1
-1.208221065,-1.788382768,4
-1.052825425,-0.598423783,4
-1.256110684,-0.876743511,3
-1.054309794,-0.186510457,3
-1.466754255,-0.954843711,2
-0.386180658,0.007813691,2
-0.795557584,0.835188166,2
-1.004658802,-1.372945618,6
-0.831768757,-1.051365701,6
-0.936691047,-0.419076325,6
-1.080326259,-0.592074959,2
-1.4264443,0.13881367,1
-0.588204496,0.649334036,1
0.235656845,1.436115866,2
0.21191759,2.287631386,2
0.01487483,0.06986564,2
0.56943895,1.340829282,1
0.539567856,1.893460488,2
-1.028079083,-0.677024358,2
-1.173676333,-1.215485466,2
-1.253185878,-0.404646908,1
-0.877796241,0.757253618,2
-1.033917464,0.335664881,2
-0.84729758,1.609941614,2
-0.892977247,1.341297298,2
-1.142771204,0.666755318,2
-0.757238814,1.280892873,1
-0.455597263,0.748957574,1
-0.457390618,-1.535123667,3
-0.703508259,0.46061355,1
-1.151047949,-1.860268184,2
-0.723281138,-0.875079043,3
-0.785993929,-0.686110483,1
-1.047400716,0.331729969,1
-0.108126161,1.719067044,2
-1.385192468,-1.363164216,2
-0.289804634,0.595933231,2
-0.643795298,-0.214689621,2
0.593490982,0.326747189,4
-1.570145031,-0.232393114,2
-0.350636246,0.953441239,2
-1.114231996,0.401154711,2
0.236424953,1.678466403,2
-0.50560196,-0.312857604,1
-0.240339813,1.567446655,1
1.730960699,0.932702703,2
1.518635835,0.359342021,2
3.33902775,0.100654438,2
0.456452591,2.352331273,1
-0.907337243,-0.45950061,2
-1.260529897,-0.047707601,1
-0.45423922,-0.168020689,3
0.061634196,1.763337988,2
-0.722862436,-0.09936358,2
-0.165913089,0.116002542,2
-0.657838017,1.617830699,1
4.234184296,-0.130966664,1
0.340417848,1.600979579,2
3.23716595,1.423425846,1
1.940665381,1.964762791,2
1.765809611,1.492583405,2
-0.937470413,0.378344496,2
-0.624753318,-0.015746892,3
-0.744645588,-1.25512405,3
-0.579718638,-2.145131293,3
-1.160554661,-1.904410325,2
0.651345878,0.105383942,5
-1.803156595,-1.013510744,2
0.616781015,1.74615892,2
0.533632255,1.376333307,2
0.109341556,1.148599176,2
-1.204421303,-0.866222189,2
-0.47780461,-0.827292607,3
-0.515999287,-0.160103656,3
-0.51099458,-1.062209824,3
-0.052264478,1.615318926,2
-1.293616008,-0.277245673,1
-0.703052661,-0.036858683,2
-1.155056156,-0.349011126,1
-0.325526519,1.942890418,2
-0.148705025,2.565669273,2
-0.036297744,2.869213164,2
-0.956261885,-1.578218785,2
-1.149588143,-1.807881098,2
-1.06913069,-0.820284707,2
-0.612689687,-0.152423617,2
-0.136797112,2.254000251,1
-0.318791189,0.896802368,2
-1.098048057,0.010196215,2
0.07871894,0.330220464,2
-0.517351356,0.08862723,3
-0.355743835,1.461521261,1
-0.679197068,-0.986520524,2
-1.62325631,-1.276904777,2
-1.603281622,-0.307344411,2
-0.956120447,-0.496923418,2
0.176421002,-0.382477269,2
-0.417637392,0.845834927,2
0.076645373,1.325068158,2
0.144613128,2.27893745,2
0.105903893,1.258786436,2
-0.445273271,1.180893573,2
-0.456522827,2.066136192,2
-1.37230527,-1.382305335,1
-0.659887718,0.813751474,1
-0.999400642,0.703068228,2
-0.791354903,1.410164831,2
0.427096628,1.066863517,2
-1.185282444,-1.504856718,2
-0.823121351,-0.807844143,2
-0.840180152,0.373750014,2
-0.89080978,-0.133011159,2
0.016829673,1.2610421,2
0.301593957,-2.282137122,2
-1.363819798,-0.896230431,2
-1.288881611,-0.693867838,2
-1.410984711,-0.85016368,1
-0.862199319,-0.599863965,2
0.227190677,1.524580925,2
-0.302067876,1.655869741,1
0.212402512,2.799583267,1
0.182418409,3.634235237,1
0.161718138,3.433045119,1
0.194908107,3.667962336,1
-1.67233055,-1.400293602,2
-0.796733525,-1.669823729,2
-1.786235403,-1.176042463,2
-1.494323997,-0.94720252,2
-0.514472395,-0.72192059,2
-0.791376015,0.106665577,2
-0.646504349,1.413496933,2
-0.66720462,1.212306815,2
-0.785131166,0.123529127,2
-0.827903942,-1.450386862,2
-0.568236249,0.871007486,1
0.785688532,-0.576209316,2
-0.144251181,-0.444424372,3
-0.188690706,0.205901029,3
-0.030127378,1.378809337,2
-0.429159075,1.449631498,1
-0.268681524,-0.451617071,2
-0.014643339,1.913550387,1
-0.741385208,-0.587856828,2
0.247530565,1.356222993,1
0.245509923,1.789627294,2
-0.716460378,-1.019601363,2
-0.735214272,-1.18639891,2
-1.318241304,-1.246264126,2
-1.238761088,-0.277008863,2
-1.311210868,-0.364162422,1
-0.123871053,0.264412051,1
0.434978867,0.593757488,1
-1.757858571,-0.307630272,1
0.070092656,1.320053942,2
-0.6449175,-0.938654372,2
-0.692071725,-1.302924074,2
0.317730664,-1.088134049,2
-1.726919266,-1.060592459,2
-0.844694892,-0.363233684,1
-1.053515532,-0.799779595,1
0.353868034,1.238571395,2
-0.967324293,-1.315203593,2
-1.569300724,-0.732224222,1
-0.613444969,-0.038467447,2
-0.765157084,-0.573529512,2
-1.093369349,0.698404795,1
0.229145298,2.645538875,1
-0.007355703,0.962950307,2
0.60063587,1.303493572,2
-1.071788304,-0.831204511,2
-1.015958011,-1.816068298,2
-1.080801398,-0.504120785,2
-1.205698376,-0.841391775,2
-0.64615921,-0.654775118,2
-0.040715919,1.895776318,2
0.642992268,1.659943956,1
0.377954917,2.081432191,1
0.211309721,1.776715825,1
0.024035128,1.336777201,2
-0.23468638,1.431333611,1
-0.239084766,1.413082875,1
-1.071472701,1.060563491,2
0.370610181,1.778849997,2
-0.496294175,0.262177407,2
0.734194568,1.519970617,1
-1.648256011,-1.364560854,1
-0.8772297,0.105238464,2
-1.061480487,-0.718600299,1
-0.170291474,1.546036395,3
-0.070560384,0.490639478,2
-0.00368069,0.300084279,2
-0.456556607,-0.62901789,2
0.018081053,2.145105957,2
-0.16498529,1.505463552,2
-0.541800157,-1.315290135,2
-0.764858919,-0.040145942,2
-0.650202703,-0.478158327,3
-1.2789372,0.119305735,2
-0.494857259,-0.264274914,2
-0.983144984,-0.466598959,1
-0.462218978,0.15055473,2
-0.395014207,1.825968806,1
-0.974286327,-1.249906755,2
-0.028826005,2.076983821,2
-0.1792682,1.391192357,1
-0.273752001,0.888127681,2
-1.029759347,-1.67825002,1
0.335933485,1.422078343,2
-1.235232773,-0.758740891,1
0.181430319,0.949498454,2
0.27437747,1.970821945,2
-1.136610845,-0.111757209,2
-0.66563905,-0.735638716,2
-1.583174046,-0.714090893,2
-0.609280992,-0.841260391,2
3.197276653,-0.899662652,4
1.169939315,0.62563182,1
1.849127859,1.303885604,1
0.501747914,-0.577798576,2
2.082901537,-2.073337723,1
2.280526806,-2.751537099,2
2.074855026,-3.069592765,1
2.585060508,-2.188424896,1
-0.424075141,-0.829080868,4
-0.797740368,-1.31745701,4
-0.923786084,-0.922011989,2
-0.678260445,-0.592461253,2
-1.097204061,-0.654917597,1
2.344007725,-1.968960866,2
0.764586167,-0.198156404,2
2.887571885,-1.831265322,2
3.957074542,0.519585621,1
3.566648454,-1.006917739,2
0.538674924,1.231340683,2
3.601278138,1.396078775,1
3.618772544,0.527699706,1
3.613767836,1.429805874,1
3.613767836,1.429805874,1
3.601278138,1.396078775,1
-0.344020017,-0.540350643,2
-0.548887831,-0.478240617,2
-0.691517981,-0.590252285,2
-1.00015627,-0.28214413,2
-1.281900055,-0.272633609,2
-0.901526824,-1.341777081,2
-0.983056106,0.670920088,1
-1.105666266,-0.264917751,2
-0.673352389,1.598562621,1
0.036187725,1.105009667,2
3.430037766,0.670294677,1
1.612400658,0.95827828,2
1.085460687,-1.827484322,2
-0.857512256,-0.416741649,1
2.840884178,-1.360692833,1
2.840884178,-1.360692833,1
-0.078519034,0.791238834,2
1.867392475,-1.824406731,1
-1.337083454,-0.579203144,2
-1.033380192,-1.078152269,2
-1.000915806,-0.074864804,2
0.046646195,1.658321944,2
-0.170921645,2.001070897,2
-1.507910727,-1.190850698,2
-0.816752276,-0.054550232,2
-0.69258088,1.051091006,2
0.148864816,1.617037603,2
-0.902848021,-0.865689642,3
-0.985717043,-1.092759756,3
-0.79257495,-0.201430132,2
-1.415957409,-1.448430979,2
-0.206185665,-0.170101763,2
0.07539704,1.207421661,3
-1.456818908,-1.40373607,2
-0.714257511,-1.568253747,2
-0.540127324,-0.327704113,2
-0.611386611,0.032737263,2
-1.394731531,-0.414713634,2
-1.126203028,0.310418995,2
0.373851371,1.58109763,2
0.323166997,2.214559482,2
0.287990801,0.930680636,2
-0.868205435,-1.013878444,2
-0.539944777,0.463702531,1
-0.337802177,1.473584721,2
0.236347629,2.619809119,2
-0.608100668,0.52290566,3
0.376980529,0.569386812,2
0.894043355,1.479263753,2
-0.874063603,-0.900328876,3
-1.014060477,-0.807395285,1
-0.33303953,1.567844021,1
-0.104457635,1.516167976,1
1.396636047,0.040511093,1
-0.865550218,0.008969928,1
-0.413033711,1.811791762,1
-0.889636938,-1.542472447,2
1.260740712,1.147317733,1
-0.889043868,-0.769980108,2
-1.060554906,-0.400652715,2
-1.162905597,0.120224966,1
-1.514543574,-0.533128943,1
-0.425677901,0.269905075,2
-1.138286505,-0.921285135,3
-0.629222359,0.906577264,1
0.512057642,1.250479412,3
-0.306758808,0.599480576,1
-0.504993244,0.175751026,1
-0.845481195,-0.089239715,1
-0.85405456,0.12748239,1
-1.28832882,0.117659597,2
-0.764670132,-0.713793287,2
-1.499341375,-0.321329233,2
0.16690661,0.97799401,2
-1.487510354,-0.927721468,2
-0.85184121,0.126168254,2
-0.828101956,-0.725347265,2
-0.848476763,1.121118654,2
-1.605504965,-0.857344825,1
-1.401098882,-0.572144608,1
-1.370313734,-0.110040713,2
-1.234892782,0.110357906,2
-1.376558583,-0.126904263,2
-1.273732901,-0.443461211,2
-1.309961853,0.37432721,2
-1.516069808,-0.482532481,2
-1.41063296,0.572518108,2
-1.358708444,0.858025974,2
-1.106570038,0.828873512,3
-1.112814887,0.812009963,3
-1.162048095,-0.091268681,3
-0.871384146,-0.434939754,2
-0.324178313,1.35748139,1
2.013514017,-3.112423104,2
-1.1061858,-1.243071104,1
-0.00208726,1.559210198,2
3.640718896,-0.055722848,2
3.611460376,0.010558874,2
2.647113344,-0.791504105,1
-1.648762988,-1.711206783,3
2.181572387,-3.393878675,2
1.834013296,-2.252386641,2
2.929648425,-2.765080036,2
-1.159645975,-1.547286001,2
1.865141653,-2.009534755,2
-0.443984866,0.611866384,1
-0.282334748,0.171005343,3
-0.228822415,0.940548066,3
0.052106883,1.978909997,1
2.210169655,-2.003231756,2
-0.740913578,0.414677154,2
1.509058366,1.203482064,3
1.479074263,2.038134034,3
-0.843983667,0.26716263,2
-0.925166703,0.047936486,2
-0.223405147,-0.343238897,2
-0.226096454,0.274531881,2
-0.244105418,-0.544429016,2
-0.107444325,0.594939321,2
-0.480347493,0.406525343,7
-0.682460361,-1.129910596,1
-0.557040458,-0.633241808,2
-0.990714518,-0.83455755,2
-0.006318234,2.385685982,1
-0.072342664,0.123156591,1
-0.779238694,-1.175915976,2
-0.401899973,-0.673581477,2
0.209535112,-0.438481294,2
-1.158442469,-1.054568601,2
0.490070438,1.260133091,1
-1.587340463,-1.071213928,1
-0.920728379,-0.097513109,2
-1.35429527,0.772159944,1
-0.647490323,0.051716464,2
-0.018281329,1.63057827,2
0.210613695,1.613183716,3
-0.992826324,-0.236135513,2
-1.025179061,-0.338815179,2
-0.079438787,1.212164328,2
-0.400693758,1.353401905,1
-0.834245792,0.407186635,1
-1.329938724,-1.358928524,2
-0.446324127,-0.0699412,2
0.717888585,1.499673727,5
-1.57633492,-0.739471045,2
-1.580614045,-0.605735125,2
-1.443227368,-0.234737036,2
-1.418247973,-0.167282838,2
-0.068905414,-1.369594066,5
-0.463056479,-1.663627437,5
-1.130669318,-1.24778151,2
-0.93653124,0.037853964,2
0.029749845,1.458976005,3
-1.63263071,-1.754347475,2
-0.319974517,-0.13019171,2
-0.599444235,-1.462818423,2
-1.049366785,-0.461538126,2
-0.324711224,-0.228267706,1
-0.535433154,-0.266843796,1
-0.122855378,0.291423633,1
-0.256325722,0.170874748,1
0.289918333,1.075928005,2
0.281652124,1.017378346,4
-0.706100259,-0.202703778,1
-0.815661918,-0.164100288,2
-0.713382271,-0.108397769,2
-0.651659365,0.828607974,2
0.671321528,-1.754375446,3
4.194047648,-0.57681736,5
4.149608122,0.073508041,5
4.182798091,0.308425258,5
4.170308394,0.274698159,5
4.10589418,-0.044536805,5
4.164063545,0.25783461,5
3.767181089,-1.337957991,2
4.003521107,-0.719782147,2
4.044543742,0.016033478,2
4.016010805,-0.686055048,2
4.177651293,0.520767487,2
4.177651293,0.520767487,2
4.177651293,0.520767487,2
0.089325663,1.575835596,1
-0.492061404,-0.066173243,2
-0.490821263,0.852796475,2
0.352713708,1.564691819,2
0.392148526,1.816472586,2
0.59822854,2.372969719,2
0.029944922,1.153845502,2
-0.190137168,1.661330417,2
-0.270955196,1.685329347,2
-0.942180446,-1.770631194,2
-0.903471211,-0.750480179,2
-0.924171483,-0.951670297,2
-0.728615442,-0.278300793,2
-0.805519353,-0.631262857,2
-1.319048294,-0.4330109,2
-1.409167487,-0.051329815,2
-0.870113357,-1.099314317,2
-1.49068037,-0.720793702,2
0.4719893,1.429368533,3
-1.07704281,-1.016794315,2
-1.298030798,-1.77352874,3
-1.347049953,-0.582325702,2
-0.785937451,0.356207054,2
-0.673530171,0.659750945,2
-0.720797654,-0.092928229,2
-0.62899835,-0.228700046,2
3.005805744,-2.816849715,3
3.009359285,-2.182215388,3
2.891980826,-3.157752612,2
2.861996723,-2.323100642,2
2.242660633,-2.248525184,2
2.282019246,-2.754597716,3
-0.751725552,0.56630932,1
0.908577954,-0.59995655,2
3.178479717,-2.426980245,2
3.161710895,-2.326971423,2
2.970736914,-3.283942865,2
3.53085099,0.086087695,1
-1.252308414,-0.600883412,2
-1.184210534,-0.466757119,2
-1.475800524,-0.229176987,1
-1.448855404,-0.011123319,1
-0.661356776,0.108541056,1
-1.315498065,-1.295842598,2
0.155101825,1.316508457,2
-1.454429059,-0.830123904,2
0.559100288,0.997485768,2
-0.795291094,0.681347908,2
-1.230252518,-1.338157869,1
0.427110778,2.598365525,2
-0.933110977,-0.484120602,2
0.282912306,1.122702015,2
-0.112183649,0.390452332,2
0.087465024,0.834915583,2
-0.037050519,2.441795977,1
0.589530046,1.150946585,2
0.511900551,1.566354769,2
0.053102063,0.60365607,2
-1.505942934,-0.229651383,2
-1.499698085,-0.212787834,2
-0.322749742,-0.688843243,3
-0.758310191,-0.67295367,2
-0.927773349,0.230984734,2
-0.376293372,0.971584683,2
-0.080819748,1.914770979,2
-1.376870486,-1.341646581,2
-0.922526082,-0.056174333,2
0.568317677,1.455352453,1
0.563843822,2.065613644,1
0.172330425,0.750065954,2
0.596557468,1.421935131,2
-0.063130233,0.950226593,2
-0.302867713,1.548045741,2
-1.230786591,-0.28427581,1
-0.834571928,-0.292221253,1
2.892550095,-2.853252316,1
0.000784321,1.870070275,1
0.138518893,1.119237077,2
0.832613289,2.159073082,1
-0.41580231,1.007938541,1
-1.056102827,-0.086467852,2
-1.043864165,0.064110966,2
0.564142563,2.001013739,1
-0.555424969,0.297639879,2
-0.316635514,1.410677972,1
-0.295935243,1.61186809,1
-0.598574473,-1.169450629,2
-0.652812389,-1.170623105,2
-0.973845618,-1.438280244,2
-1.105505814,-0.333133675,1
-1.202112005,-0.347156216,2
0.080536369,2.453597442,1
0.416002555,1.087603112,3
-0.237134357,1.740616867,1
-0.883721078,-0.483524521,2
-0.461981005,0.819940312,1
-1.336918606,-0.695045811,2
0.389425635,0.865207096,2
-1.215138582,-1.186184374,1
-1.157332009,-0.499627835,1
-0.403417758,-0.413477657,1
0.302213843,1.074245411,2
-0.128842409,0.768080293,2
0.319215734,2.362869272,1
2.232756122,-2.490560187,4
-1.214319624,0.093048305,1
0.092625045,-0.495043221,2
0.258544659,0.578043393,2
-1.57831169,-1.713783273,2
0.309954483,1.813268015,2
-1.161445642,-0.748992221,1
-1.04142307,-0.321431941,2
-0.994640183,-0.088982818,2
-1.057117476,-0.700824081,2
-1.732314684,-2.054079736,2
-0.974930346,-1.454019286,2
-1.00491445,-0.619367316,2
-0.640965562,-0.552642954,3
-0.397037462,1.342141541,2
-0.199432106,0.481559476,3
-0.161963013,0.582740773,3
-0.363272362,1.069382744,2
-0.729234807,0.162288117,1
-0.444579186,0.568175537,1
-0.237441118,0.839522757,3
-0.245651691,0.672059737,3
-0.274910211,0.73834146,3
-0.162502931,1.041885351,3
0.566938658,1.010686971,2
-0.138399031,1.38211334,2
0.098311036,2.02386224,1
-0.856855961,-0.562940152,1
-0.89958617,-2.111035792,2
-0.989478623,-1.05084423,2
-0.904368915,0.698949646,2
-1.098808924,-0.434938733,2
-1.38381506,-1.457667226,2
0.044159189,0.441313319,2
-1.106332359,-0.573263669,2
-1.108130453,-0.337406907,2
-0.54331669,0.873491052,2
-1.38618466,-0.219788506,1
-1.122138105,-1.568895417,2
0.293778048,1.15849681,2
-0.863026371,-0.0619395,2
-0.726365278,1.077428837,2
0.208278078,2.08811869,1
0.215763068,3.023951957,1
0.151348854,2.704716992,1
-1.315251882,-0.705032371,2
-1.184110054,-0.350897832,2
-0.673716895,0.002981735,2
-0.688250176,-0.586980853,2
-1.645863686,-1.673237138,2
-0.270187507,1.214405862,2
-0.101576586,1.669721698,2
0.02935931,1.068262723,2
1.595371236,-1.450064022,2
1.595371236,-1.450064022,2
1.363586243,-1.305645106,2
-1.040771691,-0.543690381,2
-0.856363698,-0.694412553,2
-1.00812772,-0.072146444,1
-0.890917494,-0.963114368,2
0.982124597,-1.080695962,1
-0.537771356,-0.282445634,2
-0.426089659,0.789468504,2
0.772523356,-0.620539072,2
2.752048863,-2.254468475,2
2.500515659,-2.288021531,2
2.30663822,-1.574666932,2
-0.652045115,-1.268997831,2
3.683299899,0.120813635,1
2.134700361,0.461801258,4
2.135940502,1.380770976,4
-1.480219515,-1.83819713,3
-0.485413903,1.242094479,2
-1.035401721,0.049856558,2
-1.416389165,-0.232991053,2
-1.114509642,1.181978079,1
-0.13648034,1.016496903,2
0.525584052,1.480186083,1
1.864504993,0.87673428,2
-0.758931377,-0.116916203,2
-1.108764772,-1.33155109,2
-0.800732576,-0.262132146,3
-0.838927253,0.405056805,3
-1.004846866,-0.66802981,3
-1.477606578,-0.767967434,1
-0.864989347,-0.027736796,2
-0.672124614,1.263403486,2
-0.919041232,-0.447763764,2
0.333104162,-1.731029583,2
-1.267261909,-0.968931001,2
-1.037976301,-0.246495153,2
1.539751203,-0.874524777,1
-1.059989665,-0.566471833,2
-1.453165784,-0.907546435,1
0.163260438,1.80421163,2
0.091875792,2.236483364,2
0.754549755,1.683156073,1
0.030315809,-1.925491329,2
0.705012844,-1.108278573,2
3.942689805,-0.377829834,2
3.85925269,-0.463641143,2
1.520846268,-0.258179566,1
0.934430143,-1.018008033,1
-1.306220279,-1.485450696,2
-1.148858914,-0.144892241,2
-0.882099307,-1.339953021,2
1.552229432,0.798910198,1
-1.001547743,-0.811095161,2
-0.25119066,-1.458980749,3
-1.192201474,0.019472541,1
0.3675747,1.513711793,2
-0.180759805,0.648326597,2
-0.05658841,1.753967835,2
-0.073479081,2.192104895,2
-1.31085784,-0.578607317,2
-1.139584112,-0.725945282,1
-0.237387933,1.582198988,1
-0.650491975,-0.275686216,2
-0.53380557,-0.105878245,2
-0.584489945,0.527583607,2
0.379914409,0.308092447,3
0.542280481,0.746544734,3
-0.971521165,-0.65062488,2
3.758422881,-1.505763182,4
0.362005124,0.698798823,2
0.167689225,0.944399036,2
0.492643485,2.765234703,2
0.398970751,2.51228146,2
0.302345677,1.744744836,2
2.521933298,-1.638446993,1
-1.974061964,-0.833788111,1
0.163035435,1.2338817,2
0.906493272,-1.124331031,1
-1.664847971,-0.717326452,2
-0.518273248,1.000853976,2
1.456357488,0.175306396,2
-0.668695373,0.307689755,1
0.524520031,0.724331997,2
-1.374265741,-1.025059357,1
-1.203084783,-0.724364291,2
0.742658819,-1.340493049,1
-0.903990918,-0.084252754,2
0.068445208,1.334466557,2
-0.044050324,0.321065321,2
-0.970408181,-1.110127374,2
1.687543453,0.316061547,2
3.564792628,-1.416245394,1
3.564067045,-0.647875146,1
-0.947218672,0.168009645,1
2.156584747,-2.649298889,2
-1.278199704,-0.056403244,1
-0.006039692,0.766696386,2
0.097296556,2.057536594,2
0.512015062,1.210531172,2
0.604962212,2.231854662,2
0.625662484,2.433044781,2
0.126126117,0.911274251,2
2.597541435,-2.836582771,2
0.986785253,-0.76497596,1
-0.956260785,-0.296675493,2
-1.506561015,-1.312660159,2
-1.557245389,-0.679198307,2
-1.040202499,-0.010781718,2
-0.934607732,-0.692259589,1
-0.547336731,-1.077144529,2
-0.89860635,-0.204709646,2
-0.15861902,-0.433941562,2
0.294737532,1.783002545,2
0.246744465,1.798693619,2
0.470432837,1.572145329,2
0.407258764,2.171880081,2
0.39549465,1.369782735,2
-0.056235949,1.385823947,2
0.414010346,0.405430522,2
-1.507211846,-1.656414134,2
-1.178405645,-1.514502432,2
-0.724350042,-0.449389638,2
-1.522512667,-0.963284343,2
-1.283147304,-0.934740921,2
-0.268820129,-0.077277689,2
-0.320744645,-0.362785555,2
0.000411124,1.597176335,2
-0.601096002,0.287506604,1
-0.665515025,-0.946348587,4
-0.177663284,-0.098999417,4
-1.166958677,-0.530778153,2
-0.674295418,-1.036866252,3
-0.657186424,-1.282188747,2
-1.364427845,-1.538295959,2
-1.338208308,-0.551872044,2
-1.309520143,-1.251867578,2
-0.951209732,-0.444148108,3
3.754142479,-0.152848386,3
3.72095251,-0.387765603,3
3.616755803,-0.523846475,3
-0.768999921,0.764639083,3
-0.705887812,0.413559736,1
-0.317988586,-0.106306069,2
-1.402127932,-1.041370532,3
-1.452072058,-0.742290302,2
-0.389515042,-1.109833989,2
0.0730391,1.180082003,2
-0.156076946,1.384448873,2
0.01226248,1.757737938,3
-0.276013593,1.016529234,2
1.531712281,1.865271031,2
1.101563675,1.082367445,2
-1.18090831,-1.035680557,1
-0.530446717,-1.258768855,2
-0.319462138,0.601535625,2
-1.417650865,-1.648078711,2
-0.303474149,-0.983141513,2
-0.060832387,1.973199166,1
0.147073757,0.472612627,3
0.611073844,2.013597307,2
0.064062883,0.804885295,2
-0.788570308,0.025854608,2
-0.776007426,-0.147570285,2
-0.653801755,0.807471484,2
-0.049793613,0.560886023,2
0.701972187,-1.147335556,2
-0.912022892,-0.635304044,2
0.585885847,-0.625894188,2
0.045845062,-1.093260481,2
-1.517829314,-0.326113983,2
-1.48186628,-1.425101067,2
-1.332519199,-0.010726623,2
0.600679063,1.436981471,2
-1.31183561,-1.014885002,1
-0.848007293,-0.36416838,1
-0.728115022,0.875208778,1
-0.721870174,0.892072328,1
-0.721870174,0.892072328,1
-0.795951446,-0.118516809,2
-0.90908431,0.346309548,2
0.046663413,2.307990956,2
-0.974526189,-0.625032856,3
0.112156542,1.453074433,2
3.92137583,0.574543216,1
0.478091986,1.90443258,1
-0.951601069,0.408205362,1
-1.367403337,-0.570671668,2
0.315478099,2.240983209,3
1.642240033,-2.32804943,2
-1.5095186,-1.526383359,1
-1.25587478,0.166201506,1
-0.030553905,1.622031051,1
0.432750725,0.687899891,3
-0.155300224,1.464353627,1
-0.155322854,1.176402154,2
-1.335590391,-1.956313304,2
-0.627393952,-0.337437491,4
-0.270717423,0.874341841,2
-0.35183637,1.416760768,2
-0.869043366,-0.824135448,2
-1.186887112,-0.971740769,2
-0.080232954,-0.327360536,2
-1.007314324,-1.005816654,2
-1.142127668,-0.816870833,1
-0.735990742,-0.242880939,3
-0.655533289,0.744715453,3
-0.685882589,-0.370329085,2
-0.491196172,1.574027287,1
-0.506942458,-0.827859876,2
-0.193217763,1.315132329,1
-1.286649252,-1.245128141,2
-0.466174319,1.006561195,2
-0.534142074,0.052691903,2
-0.474384892,0.839098176,2
0.249950782,1.057908625,2
0.081339861,0.602592788,2
0.082580003,1.521562506,2
0.712236122,1.006786462,2
-0.600163371,-1.200178654,2
-0.718815501,-1.520586095,2
-1.184324306,-0.963288053,2
-1.286933196,-0.615334067,2
-1.363812175,-0.982625844,2
0.41235502,1.103083825,2
-0.740695095,-0.074257842,2
-0.676280881,0.244977123,2
1.037102378,-2.175921685,2
-1.052375496,-0.79833597,2
-0.75596612,-0.510659467,2
-0.578326546,-0.22668041,1
0.393233688,0.825155774,3
0.406963527,1.77785259,3
-0.035649602,1.981935213,2
-0.364869756,1.881378524,1
-0.854479911,0.755522633,2
-0.731318139,0.498487998,1
-0.103248696,0.843340309,2
0.18860986,1.822041657,2
-1.191776648,-0.888621754,2
-1.046904981,0.418209601,2
-1.028170434,0.46880025,2
-0.732610705,0.753617229,1
0.26583922,1.754046191,4
0.317763736,2.039554057,4
0.174132211,1.651692419,4
0.111683722,1.483056924,4
0.049235233,1.314421429,4
1.572510059,1.039777204,2
1.596763872,1.87560165,2
0.460766106,-0.888000303,2
-0.571567789,0.845836932,4
-0.452915659,1.166244372,4
-1.014265612,-0.800197954,2
-1.253845694,0.762695557,1
2.024918497,-2.357900318,2
-0.958624588,0.316377537,2
-0.341778527,0.983062311,2
-0.188341393,1.70049178,1
2.362788867,-1.96873579,2
-0.502629573,-0.558676184,2
-1.717798065,-1.350768502,2
-0.789966816,-0.755025816,2
-1.113451868,-0.429194396,2
-0.958336515,-0.328115301,2
-0.845016113,-0.542696186,1
-0.652315831,1.214171734,2
-0.633581284,1.264762382,2
-0.035526322,1.77690903,2
-0.17569768,2.611007731,1
1.675665299,2.085340935,2
1.182480786,0.547928299,2
0.902354756,0.297440341,2
0.79618513,-1.193979336,2
0.652553605,-1.581840974,2
0.841139213,-0.156964772,2
2.556000593,-1.405368935,1
-0.750072615,-0.279710784,2
-0.687624126,-0.111075289,2
2.448990998,-2.276715474,2
0.129298785,0.105004418,2
0.063177179,2.01474111,2
-0.382774877,-1.27154022,2
-0.258603482,-0.165898982,2
-0.27109318,-0.199626081,2
-0.689956353,0.376991776,1
1.827434284,0.338365797,2
2.506599565,-1.542046106,1
-0.298871257,-1.699598478,5
-0.609715011,-1.82899846,5
-1.598987097,-0.927628331,1
-0.886822866,-0.777049069,2
-0.360163818,0.714383992,2
-0.053016247,0.11132721,2
-1.08142551,-1.174682935,2
-1.230687696,-0.760490878,1
-1.899150213,-0.812695987,1
-1.223428191,-0.756744738,2
-1.144728227,-0.186003489,3
3.861873064,0.155786807,2
-0.446189503,0.964860957,2
-0.551875054,1.363394995,1
-1.465556612,-0.940219639,1
-0.566029497,-0.565390041,2
-1.431700738,-0.196497909,2
-0.548253109,-0.171548192,2
-0.510784016,-0.070366895,2
-0.469759467,-1.669244572,2
-0.949277708,-0.223331259,2
-0.725934699,0.771445441,2
0.111760209,1.611590692,1
-0.923169003,-0.283479531,2
-1.004352039,-0.502705674,2
-1.277554186,-0.243575801,1
-1.325910044,0.156300396,1
-1.305229069,-1.144321631,1
-0.913434268,0.034995396,2
0.263369368,1.24776517,2
1.010512164,-0.344836623,2
-1.0626241,-0.08474987,1
-1.08979784,0.742392039,2
-0.001571782,1.727540929,1
2.403021254,-2.473377816,2
-0.69095461,1.036652479,1
-1.514704644,-0.405942035,2
0.072891522,1.582512714,2
0.935270476,-1.412087885,1
-1.208192215,-0.315047979,1
-0.442662481,-0.40145819,2
0.910709514,-0.830961699,1
3.120919345,-1.163864696,1
-0.157377653,1.8259547,1
0.168542767,1.177324438,3
1.537851638,0.872154741,1
-1.141935931,-0.663714878,2
0.523607931,-1.726279004,4
0.645335403,-1.971165896,2
0.732037705,-0.966705955,2
0.738282554,-0.949842406,2
-1.382547409,-1.528843022,2
-1.424535045,-0.809382634,2
-0.784549506,-0.328988226,2
-0.828098769,-0.081107934,2
-1.209207241,-1.690016463,2
-0.847170745,-1.296010511,2
-1.399685542,0.10221208,1
-0.776475513,-0.997158558,2
-1.318371745,-0.730003397,2
-1.112291731,-0.173506264,2
-1.061092798,0.88037185,2
-1.113017314,0.594863984,2
-1.092317043,0.796054102,2
-1.08179307,0.679181731,2
-0.967377199,-0.69630862,2
-0.237069144,-0.245304319,2
3.964076752,-0.091022689,1
-1.543563047,-0.710631589,1
-1.302404044,-0.037590701,2
-1.046365239,0.653814829,2
-1.1473329,-0.720496679,2
-0.604058546,-0.210014294,2
-1.181216944,-0.539028283,2
-1.075054512,-0.252347942,2
-1.524310927,-0.506178021,1
-1.159505275,-0.472166131,2
-1.246783636,-0.724656347,2
-1.061840847,-0.184703824,2
-1.356259398,-0.99981911,2
-1.331280003,-0.932364912,2
-1.275076362,-0.780592966,2
-1.02724813,-0.256650456,2
0.081110415,0.663343064,2
-1.138657006,-0.796262371,2
-0.012989389,1.433070183,3
-0.816527345,-1.96140272,2
-0.828279456,-0.175384003,2
-0.987091987,0.020798038,2
3.218718476,-1.618023825,1
2.561491512,-2.001989514,2
3.025747827,-2.542454186,2
2.576551412,-2.588486676,2
0.415365583,0.545571677,2
-0.926401609,-2.326920329,2
-1.293297394,-1.120077884,2
-1.44086329,-0.98736537,2
-0.839169448,-0.630363316,4
-0.81919476,0.33919705,4
-0.919274468,0.765454286,1
-0.853022849,0.627014726,2
-1.050339712,0.042854405,2
0.410192638,1.082707629,2
-0.984979866,-2.020975438,2
-1.479198018,-1.331735565,2
-0.914152059,-0.942905331,2
-0.720561743,-0.420135297,2
3.684847118,0.379328556,1
0.124897253,-2.206465052,2
-1.598953136,-0.735163905,2
-0.509262652,-0.858824875,2
-1.02916121,-0.199797561,1
0.333150353,1.214425814,1
-0.113899081,0.673767158,2
0.365608492,-1.887242473,2
2.660953106,-2.752942837,2
-1.018406118,-0.512789952,2
-0.880438364,-0.319788467,2
-0.866418542,-1.187094555,2
-0.470798439,-0.858051052,1
-0.941848165,-0.773979075,1
-0.400091342,-0.164788261,2
-0.842717305,0.105318365,4
-1.272723693,-0.155515952,2
2.063401645,-1.815827289,1
-1.153491311,-0.460860855,2
-1.18668128,-0.695778072,2
-1.180436431,-0.678914522,2
-1.161701885,-0.628323874,2
-0.795860591,-0.808269197,2
-0.609240706,0.466007536,2
-0.232653823,1.264974452,2
-0.272814225,1.781563934,2
-0.433214572,1.493711116,2
-0.427118968,-0.178462465,1
0.286907857,0.762052139,2
1.611178574,1.796448719,1
-1.176522484,-1.350162973,2
-1.253701478,-1.838613435,2
-0.86784107,-1.686498879,1
-0.164331984,1.651659677,3
4.34568743,0.217844427,1
4.153337254,0.61404411,1
-0.028285056,2.851180556,2
0.011149762,3.102961323,2
-0.144971461,2.681372586,2
-1.36415539,-0.287544246,1
-1.569759364,-0.312542566,1
-1.569759364,-0.312542566,1
-0.987669165,-0.861076621,2
-1.150035237,-1.299528908,2
-0.888721554,-0.55998365,3
-1.328416308,-0.628988183,1
0.04960303,1.260117943,2
0.026098083,0.632757811,3
-0.324693361,1.20317049,2
1.655548583,0.566606564,2
0.596820422,-0.907104529,2
-0.98932689,-1.097844364,3
-1.128679291,-1.619441923,3
-1.133683999,-0.717335755,3
-0.939429998,-1.535945904,5
-0.69796614,-0.042569684,2
-0.738126542,0.474019797,2
-1.315332952,-1.032404846,2
-0.05307405,1.453290801,3
-0.179936752,0.965420342,3
1.099469742,1.2017708,1
-1.23794179,0.337880806,1
3.063801451,-0.466758632,1
-1.357376114,-0.623988066,2
-0.478106247,1.40730326,2
-1.015725249,-0.998665061,1
-0.789512574,0.200573971,1
-0.402188094,0.278988104,2
-0.796061263,-0.878733612,2
-1.275515937,-1.463449431,2
-0.790530248,0.886513013,1
-0.656999424,-0.696295345,2
-0.580090453,0.911230052,1
-0.477873688,0.742953798,2
-0.432919604,1.779968362,2
-0.457899,1.712514164,2
0.11718806,2.231757794,1
0.156113307,1.48058458,2
0.164323881,1.648047599,2
0.343117786,1.499642994,2
-1.489760229,-0.526224151,1
-1.659974083,-1.516324581,1
-0.883867556,-0.150288545,1
-1.104518831,-0.437300802,2
-0.979621853,-0.100029812,2
0.663306494,1.118382637,3
0.592647431,0.782284123,3
0.548933489,0.664239276,3
0.679285505,1.89319552,2
-1.28813584,-0.703678707,1
-0.810214685,-1.789586735,2
-0.839224897,-1.164127294,2
-0.117529658,0.557091035,2
-1.110773197,-1.607964318,2
-1.028685041,-0.363080008,2
0.885985121,-0.949346947,3
0.896509095,-1.066219317,3
0.791586804,-0.433929941,3
-0.736677503,-0.289186287,2
-0.564596897,-0.464727842,2
-0.490384293,0.506005,2
-0.490384293,0.506005,2
2.967857276,-1.350161739,1
3.084133515,-0.823942312,1
-1.400336163,-0.469035716,2
-1.100583415,0.340414659,2
-0.491442175,-0.373509851,2
1.418355647,0.711957059,1
1.386405819,1.396009559,1
1.392650668,1.412873109,1
0.340919918,1.532276089,1
0.347164767,1.549139639,1
-1.189270597,-1.156161006,3
-0.242429423,0.969577491,2
-0.60341846,0.61009878,2
-0.618811149,0.788774735,2
-0.209034884,0.485983509,1
0.157685565,1.292245494,2
-0.535913586,-1.233931916,2
-0.679598285,-0.828870514,3
-0.93029492,-1.00552395,4
-1.416764413,-0.394350522,1
-1.598227824,-0.499208333,1
-0.868115409,-0.14312884,4
-0.743944014,0.962512398,4
-0.766232102,0.277287422,4
-0.741252706,0.34474162,4
0.229377788,2.217275898,1
0.176488139,2.558459374,1
-0.888746512,-0.241277992,2
-0.799414904,0.79441746,2
0.26885277,0.722294562,2
0.633019732,1.850979902,2
0.475295576,0.894606571,2
-0.178379182,1.43742419,2
-0.126380384,0.349200878,2
0.183493684,0.703325941,2
0.331404333,0.95745166,2
1.180706386,-0.636804328,2
-1.694915324,-1.098204654,1
-0.032486188,1.576275033,1
-1.347293746,0.006648057,3
-1.18064855,0.311364423,3
-0.663911196,1.883379692,1
0.051701638,1.621933682,1
0.408170806,1.317034863,1
-1.207844394,1.182723064,1
0.266603028,1.986488697,1
-1.099102948,0.821188764,1
-1.24245852,-0.345774801,1
-0.655576048,-0.900851362,2
-0.944884395,-0.334891017,2
-0.297643247,1.095143575,3
-0.279634284,1.914104472,3
-0.371309551,-0.780974987,2
-1.363127017,-1.30130658,1
-0.411680242,-0.21186071,2
-1.392373753,0.502794078,1
-1.468375816,0.890418308,1
1.10350501,-0.459920896,2
1.028566823,-0.66228349,2
0.504611879,-1.580190023,2
1.194799636,-2.650159955,2
-1.318754698,-1.465457476,2
-1.141933204,-0.84267862,2
-1.336249104,-0.597078407,2
-0.937797295,-1.172975553,2
-0.975654957,-0.042031473,2
-0.908901352,-0.254559268,3
-1.073233148,-0.843611024,3
3.575413874,-1.296073324,1
1.274672692,0.883388266,2
0.0342392,-0.986166671,2
0.677096717,-2.995521155,3
1.155445031,-0.446375458,2
0.790127002,-1.788216224,2
-1.125395188,-0.308469282,3
-0.865682536,-0.179282912,2
-0.303018568,0.698547854,3
-0.716928113,-0.674864806,2
3.700568244,-1.705957024,1
-1.153060522,-1.224723599,2
-1.220513719,-0.491252926,2
-1.206144132,-0.627318749,2
2.903387957,-1.573411147,2
-0.359513769,1.052820917,2
0.3293791,2.094450838,2
2.442580394,-2.9172051,2
-0.50966372,-0.193469961,1
-1.31204656,-1.281633826,2
-1.461240891,-0.892506958,1
-1.086538344,0.250636574,4
-1.261394114,-0.221542812,4
-0.69255519,0.051221512,2
-0.641518001,0.151924199,1
1.535267559,0.662459862,2
1.653194105,1.75123755,2
-0.124166297,1.095872301,1
2.790995247,-2.372571368,2
3.856388337,-0.737122456,3
-0.018661637,1.427672687,2
3.217439282,-0.309785672,3
-0.821667257,-0.671397563,3
-0.416964277,-0.193874006,3
-0.390019157,0.024179662,3
-1.882258605,-1.06422312,2
-0.927083514,0.246094477,1
-0.714150191,-0.598733483,2
-0.170960762,0.491696778,2
0.713438228,-0.563143266,2
0.766950561,0.206399457,2
-0.998961742,0.555791962,2
-0.802798073,-0.928704459,2
-0.555713985,-0.870957838,2
-0.762033818,-1.071701185,3
-0.897960558,-1.031271206,2
-0.424949207,-1.001827646,2
-0.029646655,-1.048580331,5
-0.198983159,-0.73552592,5
-0.813550983,-0.636945759,3
-0.843091859,1.525337329,2
0.185276283,2.531627734,2
-0.04522365,2.193187399,2
-1.533003988,-1.391699264,2
-1.307551487,-0.448728146,1
-0.798564333,0.347917561,1
-0.286687152,-0.132195172,1
-1.047169485,-0.757829878,2
-1.208295415,-0.277312447,2
-0.231816046,0.894796006,2
-0.852412642,0.174881921,2
-1.064640772,-0.63027617,2
0.430102365,0.932345893,2
-0.440991814,-1.010937008,2
-0.566982922,-1.38912747,3
-0.194576719,0.71020976,2
-0.047134343,1.574120298,1
-0.128115187,1.224681856,2
-1.627725265,-0.403574554,1
-1.350427262,-0.915034451,1
-0.153654205,0.686100805,2
-0.24829491,0.924977488,3
0.08689066,1.872418197,1
0.462783722,0.9797034,2
-0.426234969,0.490416659,1
-0.8298707,0.775248291,2
-0.779911909,0.910156687,2
-0.555097348,1.517244469,2
-0.892319189,0.606612796,2
0.091482795,0.623382324,2
-0.077853709,0.936436735,2
-1.02510317,-0.733160864,2
-0.67959138,0.064597517,3
-0.704570776,-0.002856681,3
-0.076159958,0.937587383,2
0.061226718,1.308585472,2
0.004297495,1.925183774,2
-0.001947354,1.908320225,2
0.213508267,1.826209381,2
0.414069016,1.597472717,2
0.350894943,2.19720747,2
0.36962949,2.247798119,2
-0.257147131,1.337832388,2
-0.334132177,-0.16104123,2
-0.506459865,-0.64463622,2
-0.634048151,-0.364136432,2
-1.351832786,0.091030423,1
-1.345587937,0.107893972,1
0.316222033,0.920893753,3
-1.727102373,-1.171501476,1
-0.934459169,0.146846128,2
-0.339026561,0.470971568,2
0.654174433,0.639678426,1
-0.847770039,-1.258912369,2
-0.742333191,-0.20386178,2
-0.794257706,-0.489369645,2
-0.754822888,-0.237588879,2
-0.955623131,-0.749729133,1
-0.682439381,-0.795642732,2
-0.118878816,0.72237151,2
-0.102109994,0.622362688,2
-0.552905992,0.342306945,2
-0.807189778,0.85752894,2
0.315729028,1.401588855,2
-0.94251598,-0.876674306,2
-1.570700133,-0.994730762,2
-1.510217369,-0.976694736,2
-0.997798048,-1.345142372,2
0.181952374,1.11597336,1
0.363052992,1.605016295,1
1.347521395,1.513133529,1
-0.140554875,1.66141124,2
1.801224473,0.412803066,2
-1.177907342,-0.898277314,3
1.350215116,0.473795606,2
0.095125416,1.693220341,1
-1.646100438,-0.010327815,1
-0.473541761,1.121535037,2
1.873186406,-0.041773957,1
-0.766614517,-0.52437372,2
-0.608701776,0.247288207,2
-1.245852979,-0.33560926,2
-0.105140317,0.601566978,2
-0.280970665,1.260702953,2
0.208346402,0.678617509,2
-1.239975941,-1.303319213,2
0.184426755,-0.301434368,2
-1.317061262,-0.596342496,2
2.422468256,-1.451837138,2
-0.29134863,0.007358498,2
3.202216387,-0.350570421,2
-0.154503035,0.998548737,2
3.398370805,0.094349358,2
2.909041492,-0.776108632,2
-0.055010518,1.02311885,2
1.837283548,1.444946526,3
0.632507395,1.050501523,2
-0.753031893,-1.526799336,2
0.108289784,0.694026826,2
0.276900705,1.149342663,2
0.136822721,1.396115352,2
0.288664819,1.95144001,2
1.290641334,0.222320901,2
1.291881475,1.141290618,2
1.471016369,1.479734084,2
1.448002698,1.562879355,2
1.340600125,0.357229297,2
0.467657037,1.684208021,1
0.078405286,2.114428807,1
-1.126692937,-1.583917217,2
-0.521615701,-1.430300656,2
0.202743326,1.805101587,2
-0.989710867,-0.184336582,3
-0.845583242,-0.267692105,2
-0.365140313,1.522283079,1
0.171239597,1.32561428,2
0.092022286,1.256987607,2
0.156026462,2.058589335,1
0.808406345,-1.09193609,2
-0.732998191,-0.547654444,4
-1.204142821,-0.308235402,1
-0.293283875,1.511205132,1
-0.074714163,2.101429364,1
-0.552243475,1.247084454,2
1.606497364,1.37635974,2
-0.274656425,1.415456266,2
-0.285905982,2.300698885,2
-0.175464426,2.453643306,2
-1.397037159,-1.096308751,2
1.218264731,-0.112871868,3
-1.459534976,-1.264342106,1
3.770551858,0.277636777,1
-0.094151257,-2.473206462,2
0.760635257,-1.616608403,2
-0.097847879,-1.998185522,1
-1.327320054,-0.805740854,2
-0.975120982,-1.011990716,2
0.486024825,-1.44841045,2
0.426772073,-1.479738041,2
-0.704642784,-0.583404795,2
-0.755327159,0.050057057,2
-1.004871612,-0.114162727,2
-0.473856576,-0.567971673,1
-1.477175329,-1.129192868,1
-0.021008525,0.388801592,2
-0.312493729,0.795902587,2
0.997234853,1.06294834,2
-1.330426938,-1.25593257,2
-1.306173125,-0.420108124,2
-0.897367672,-0.655311127,3
0.207130102,0.895670506,2
-0.274472369,0.31509452,3
-0.129600703,1.621925876,3
2.659203936,0.221113512,2
0.011581867,1.882860195,1
-0.857522602,-0.417904623,1
-0.456367704,0.710809486,2
-0.468857402,0.677082387,2
-0.471131194,-1.019676278,2
-0.313976708,-0.923339732,2
-0.760612359,0.216525454,2
-1.156084632,-1.075098338,2
2.494362148,-1.770114876,2
-0.18549037,0.65905916,4
3.037363406,-1.832521479,1
-0.695034977,0.580711412,1
0.151801843,1.538838682,1
0.145556994,1.521975132,1
-0.61261331,0.088628241,2
0.89445909,-0.107824641,2
0.259838888,0.75645142,1
-1.212285773,-0.931492898,2
0.006173637,0.849319312,2
-0.511822384,-0.511637255,2
3.053131444,-0.729137398,2
2.998587131,0.118584084,2
2.462503968,-2.669592252,2
2.256610446,-3.130919053,2
0.98305238,-0.252239761,2
1.04905441,0.551030062,2
-1.178478234,-0.032373779,1
2.870419751,-0.650547336,1
3.427233361,0.636487232,2
3.277356987,0.231762045,2
3.222107217,-0.465083703,3
3.229592207,0.470749564,3
3.247086613,-0.397629505,3
1.483559008,0.319096971,2
-0.136559001,-0.533042117,1
-0.407284233,-0.286283217,1
-0.529127359,-1.540598928,2
0.536538113,-1.003330444,2
-0.69523342,-1.511845402,2
-1.036548876,-0.586200891,2
-1.054043281,0.282178178,2
-1.196949223,-0.874053708,2
-1.293313265,-0.509236172,2
-0.010283838,-1.65059475,2
0.593105627,-0.903759965,2
0.54742596,-1.172404281,2
3.437379922,-0.929822465,2
3.586567499,-1.59792258,2
4.002634157,-1.515680095,3
-0.725858469,-0.046526059,1
-0.308813742,-0.702953502,1
0.625843447,-2.324289601,1
-0.661080043,0.532571476,2
-0.990376132,-0.996887831,2
-0.920442653,0.107580931,2
-0.88297356,0.208762228,2
-0.951666898,0.023263183,2
-1.059795054,-0.414016628,2
-1.007870538,-0.128508762,2
-0.964156596,-0.010463916,2
-0.030664153,0.191666294,2
-0.054403407,1.043181813,2
0.001716175,1.531973527,3
1.034607176,-0.119652925,2
1.829080105,0.963670699,1
1.72219209,1.445360605,1
1.784640579,1.6139961,1
1.797130277,1.647723199,1
1.77839573,1.597132551,1
1.72219209,1.445360605,1
0.80934424,-0.955907731,1
0.764908065,-1.69895679,3
0.698180452,-1.733856365,3
-0.598130592,-0.39270659,2
-0.779231211,-0.881749525,2
0.57559832,-1.082567886,2
-0.992600695,-0.144374736,2
-1.27434448,-0.134864216,2
0.390774963,-0.63778087,2
0.408783926,0.181180026,2
0.415754358,-0.570326672,2
0.421273624,0.214907125,2
-0.245537043,1.649622146,2
-0.329411387,2.04816678,2
-0.939271581,-0.51415658,2
0.71022396,-2.458357882,2
-1.086609197,-1.51438386,2
-0.690035466,-0.612473548,4
-0.605414167,-0.662633781,1
-0.218667607,2.013563022,2
-0.263107133,2.663888424,2
0.54211471,1.395811863,2
-1.719333299,-0.589648063,1
-0.05102383,0.158680776,2
-0.239094881,0.421144539,2
-0.084146372,1.372321183,3
0.026295184,1.525265605,3
-0.605119211,-1.317912062,3
0.771356408,-0.672383151,2
-0.560039958,-0.290448285,2
3.052270808,-1.792735349,1
0.693054021,-1.188060324,1
3.297405212,-1.798117713,1
-0.098844561,-0.780049844,4
0.736218553,-0.648299642,1
2.804994175,-0.885691652,2
2.740579961,-1.204926616,2
-0.750624953,-0.159517959,2
-0.913716608,0.170400002,2
-0.843057546,0.506498516,2
-0.799343603,0.624543362,2
0.24473167,1.319946047,3
-0.920956638,0.023065617,2
-0.286512219,0.927077664,2
-0.028975265,1.140927953,1
-0.345745366,0.904827025,2
0.399507602,0.614746387,2
2.118831442,-0.489201814,2
0.170695448,0.833483627,2
1.417555889,0.334567359,3
0.44339354,2.439568168,2
0.462128087,2.490158817,2
-0.582749237,-0.31531922,2
-0.582749237,-0.31531922,2
0.89977079,-0.696317628,2
0.874791395,-0.763771826,2
0.950455165,-1.32977948,2
3.791543127,-0.199340146,1
1.557053148,0.370471316,2
1.52510332,1.054523816,2
1.48835981,0.184972271,2
0.562140897,-0.028983386,2
0.494221515,1.634552507,2
-0.826447741,-0.6722638,2
-0.030382445,-1.100703024,2
-0.851442902,-0.439804714,2
-0.93959637,0.092475841,2
-0.308447934,-1.157585081,1
1.567908289,1.204670523,2
1.539375353,0.502581997,2
1.42559575,0.013470644,2
2.104149491,-0.673925396,2
3.479033337,-1.275896085,2
0.47115349,-1.709289857,2
-1.392068369,0.310031249,2
-0.401322238,-0.145847518,1
-0.649563462,0.712535605,1
-0.649563462,0.712535605,1
-0.426580102,1.08949196,2
1.35213363,-0.311174046,2
1.340884073,0.574068572,2
-0.506294952,0.366886783,1
0.976637749,-0.111396863,2
0.288653097,0.550402303,2
1.507967869,0.478535332,2
0.072459853,1.961906875,1
2.95157543,-2.330128837,1
0.062810606,-1.032061006,1
0.037105627,-0.331144957,1
0.026581654,-0.214272586,1
-0.916275452,0.117819518,2
-0.231302496,0.15631647,1
-0.244154986,0.506774495,1
-0.730495998,-1.362223677,2
1.523682553,1.077954867,4
-0.924955564,-1.939486627,2
1.005621483,-0.355052714,2
-0.617502551,1.951115862,1
-1.477642172,-0.017580541,1
0.253895075,-0.377079302,1
-0.773540735,-1.446588741,2
-0.14964174,0.273195089,1
1.634821222,1.01393673,1
1.725905603,0.704648957,1
-0.639615629,-0.449065732,1
-0.277104185,-0.149403327,2
-0.373099629,1.354061552,2
1.103809351,0.247851345,3
1.166791709,0.621632641,2
-0.61459052,0.207472397,2
0.099926689,0.763723547,2
0.238812859,1.047395275,2
-0.055482074,-0.741065178,2
0.117778832,-2.374778488,1
-0.534455266,-1.311902224,2
0.270142128,-1.267680922,3
0.126510603,-1.65554256,3
0.449811885,-2.201917417,2
-0.91859804,-0.116738658,3
-0.866673524,0.168769208,3
-0.742502129,1.274410446,3
-0.73625728,1.291273995,3
-0.781936947,1.022629679,3
1.220869113,0.352042089,2
1.649677132,0.536820162,1
3.209716694,0.089927633,1
-0.364213586,1.267089803,2
0.126641735,-2.064959904,2
0.845857687,1.223422286,1
0.171220306,0.339086379,1
-0.505169144,-0.25733924,1
0.431132238,-2.309347144,2
0.245026911,-1.896283911,2
3.463694906,0.585400276,3
3.469939755,0.602263825,3
1.74029207,1.930716591,2
-0.160509254,-0.584992576,2
2.110978684,-1.475276424,2
-0.785716666,-0.617613101,1
-0.009124916,0.180109646,1
0.96483316,-1.884671786,2
0.455785775,-0.274199032,1
-1.888883064,-0.913047452,1
-0.734305013,-1.116217507,2
-0.676135649,-0.813846091,2
1.09572029,-0.833105408,1
-0.108299134,0.596334474,2
-0.57869414,0.174403518,5
-0.490472498,0.226517856,2
0.893957875,-0.237004914,2
0.513343209,0.141075074,1
1.414486092,1.39626698,1
1.101515989,-1.091230846,2
0.498042501,-2.084519636,2
-0.008565517,1.514345996,2
1.388555891,1.71845711,1
1.241685174,1.160606831,1
1.184755951,1.777205133,1
-0.724266402,-0.250902951,1
-0.652019523,0.569230421,1
0.36828042,-0.687436579,2
1.727672775,1.01997303,1
1.721427926,1.00310948,1
-0.209588839,-0.18831882,2
-1.134719377,-0.293922067,2
1.207710467,-0.345087001,2
0.610672323,-1.47207699,3
-0.612625497,0.404614344,2
0.165856785,2.1584875,2
-0.025722603,0.334563674,1
0.380192577,1.430694391,1
-1.061472057,0.01421096,2
0.198796694,1.568814977,2
1.143391479,0.859319944,2
0.587424715,-0.453936499,1
-1.07401094,-1.677533974,2
-0.111337844,0.534615284,2
0.683379609,-1.991094079,1
-0.324870319,-0.491253722,2
-0.979912935,-1.022940449,2
-0.580564827,1.08486332,1
-0.730441201,0.680138132,1
-0.771566983,1.169196243,1
-0.493520384,0.058966031,1
1.11367224,-0.074607119,2
1.174773576,0.918966658,2
1.223492226,0.134905337,2
1.353626538,1.39421607,1
-0.884950631,-0.425140861,2
-0.852486245,0.578146604,2
-0.709541824,0.207547372,2
-0.200477132,-0.266497994,2
0.124752777,1.761214418,1
0.434313302,-0.544403257,1
0.423063745,0.340839362,1
0.647327467,-1.751585223,2
-0.766289859,-0.631436836,2
-1.352093457,-1.598003328,2
0.572742653,-1.409488528,1
-0.244716658,-0.026813776,1
0.536192366,1.314809819,3
0.522977084,2.049452968,3
0.508919167,0.150533387,1
0.065502062,0.585136259,2
0.147925239,1.72333212,2
-0.076414568,0.630237607,2
-0.294123265,0.503117707,1
3.091479142,-2.514280835,2
0.217465234,-0.073498291,2
1.855785165,1.020090093,1
2.590545577,-1.800689267,2
2.539861202,-1.167227416,2
2.601923232,-1.400983239,1
0.578881994,-0.794972717,2
0.532476744,-0.295246785,2
0.303383059,-0.768598647,2
-1.149500375,-0.778628968,2
2.142985607,0.054373437,2
2.119246352,0.905888957,2
2.217923794,0.256736031,2
-1.563284053,0.087868808,1
-0.709917837,-0.320472223,2
3.320041443,-1.389006237,2
3.256867371,-0.789271485,2
3.713991553,-0.686055658,3
4.054995522,-0.190717834,2
1.260313494,0.63944524,2
3.140434474,-2.073584833,2
